0,1
0,
0,
0,
古风,作词边疆作曲金志文词边疆曲金志文演唱张晓棠出品施永晨北京博山娱乐文化传媒有限公司未经著作权人许可不得翻录翻唱或使用薄汗轻衣点缀这泼墨画山水慵整纤纤手叫洛阳纸贵可怜落花叩玉枕拂袖人还昏睡清风微寒惹一厢粉黛又愁眉对镜梳妆探听人声鼎沸多情自是多沾惹梦断不成归几分憔悴锦瑟无端声悔赢得满行泪直道君心不美日夜东流水思悠悠恨悠悠何时方始休半江信半江愁觥筹恍惚交杯劝留几小辈棋逢红颜一醉千军万马退剪不断理还乱哽咽锁清喉饮曲肝肠碎清风微寒惹一厢粉黛又愁眉对镜梳妆探听人声鼎沸多情自是多沾惹梦断不成归几分憔悴秋色连波波上寒烟翠山映斜阳天水傍芳草无情更在斜阳外夜夜好梦留人睡楼高休独倚酒入谁人愁肠化作相思泪锦瑟无端声悔赢得满行泪直道君心不美日夜东流水思悠悠恨悠悠何时方始休半江信半江愁觥筹恍惚交杯劝留几小辈棋逢红颜一醉千军万马退剪不断理还乱哽咽锁清喉饮曲肝肠碎
古风,作词萧燃作曲萧燃编曲卡其漠罗洋作词萧燃作曲萧燃编曲卡其漠罗洋制作人卡其漠罗洋笛子囚牛古筝紫格哈哈和声利比混音利比封面设计平生不晚统筹宣推七岁监制劲量音乐营销奔奔娱乐发行抖音音乐发行统筹郭舒心营销推广夏天出品蔡雨燕猛犸文化未经许可禁止翻唱或使用月光洒落镜面遇水化烟氤氲起舞翩翩好似仙回忆淡然化做万语千言何时再见君一面孑然一身独饮花中酒镜上愁思独吟天上月好似作画之人提笔落思索着与谁说星月落落入世间使得花败人断肠多执着惊鸿怎让人遗忘烽火扬再舞一回终于曲终人散场又寻下一轮月光孑然一身独饮花中酒镜上愁思独吟天上月好似作画之人提笔落思索着与谁说星月落落入世间使得花败人断肠多执着惊鸿怎让人遗忘烽火扬再舞一回终于曲终人散场又寻下一轮月光剪不断情字难忘青烟飘散在远方理不乱我心思我理不乱恨茫茫一眼忘断天涯路无处可藏是否隐蔽在月光
古风,烽烟中是谁守护的江山战火诉说着离乱辞别那一天何曾想是永远朔风吹雪麾上殷红未干命运最偏爱遗憾任血染衣衫目光更凛然马足龙沙镇河山如画为你行恩威之法此心不化纵使荒唐见惯舞权弄谋尔虞又我诈便要做那一枝孤芳还自赏欲定四方立马道尽疏狂前路何所往待我披甲挽弓一箭射天狼镜前穿戴好霞帔凤冠丹绸将锋刃遮掩抬手红烛剪落笔绛唇轻点十里长街暗藏汹涌波澜觥筹间诡计纠缠谁抽丝剥茧把结局推演那些谋划她全都接下何须管世人眼光决断杀伐踏过疆场犹记铁马冰河浩浩又汤汤便要做那一石激起千层浪胜败无常不必困于虚妄勘透这炎凉待我拔剑而向寒芒胜冰霜你看那峭壁之上生一枝红花有如一轮烈日荡开了迷惘若苍生求不得心中那道黎明曙光待我化作骄阳昭盛景天下
古风,作词绝非言作曲文致编曲李化禹制作人吴遐春光灼灼又一年江南好颜色谁无名冢前折桃花一朵看亭台楼阁华灯摇动衣罗少年打马过目光多清澈寻常巷陌街边传来阵阵吆喝我在闹市里小茶馆一坐醒木一拍桌台下诸位贵客我白扇开合上回正说烽烟四起家国零落江湖漂泊锦书难托今朝盛世若问为何且听我把那旧事一一说他以芒鞋踏破多少山高与海阔才在荒芜之中点燃了星火他以旌旗迎着烈烈长风向大漠任岁月如梭守平生一诺他以长剑劈开多少忠良与奸恶直到胸前血色染红了江河他以铁笔泼墨留下青史千万册用一曲离歌换人间安乐念白江河水碧江山青赢得朝朝暮暮情旧恨深巷无人识倚栏独赏余辉景春光灼灼又一年江南好颜色谁无名冢前折桃花一朵看亭台楼阁华灯摇动衣罗少年打马过目光多清澈寻常巷陌街边传来阵阵吆喝我在闹市里小茶馆一坐醒木一拍桌台下诸位贵客我白扇开合上回正说烽烟四起家国零落江湖漂泊锦书难托今朝盛世若问为何且听我把那旧事一一说他以芒鞋踏破多少山高与海阔才在荒芜之中点燃了星火他以旌旗迎着烈烈长风向大漠任岁月如梭守平生一诺他以长剑劈开多少忠良与奸恶直到胸前血色染红了江河他以铁笔泼墨留下青史千万册用一曲离歌换人间安乐念白卧看人间正安乐着墨自度长离歌烽烟四起家国零落江湖漂泊锦书难托今朝盛世若问为何且听我把那旧事一一说他以芒鞋踏破多少山高与海阔才在荒芜之中点燃了星火他以旌旗迎着烈烈长风向大漠任岁月如梭守平生一诺他以长剑劈开多少忠良与奸恶直到胸前血色染红了江河他以铁笔泼墨留下青史千万册用一曲离歌换人间安乐念白昆曲鉴赏官钱荆溪和声圈辞洛分轨李化禹人声处理小敏歌词艺创出品方寻乐工作室未经著作权人书面许可不得以任何方式包括翻唱翻录等使用
古风,作词绝非言作曲圈编曲董子龙堂前晚梅雪中新蕊盼去岁共庆人间祥瑞宝钗玉珮琼枝点翠入夜不能寐心事婉转溯洄三月芳菲一汪春水着凤冠霞帔千娇百媚乱红纷飞黛消铅褪青丝云鬓坠梦回行客匆匆向漠北常言道旧梦难追且温壶茶再对镜描眉总有人等故事到终回是谁年少凭栏不知世间滋味陌上采薇笑声泠泠清脆是谁对月举杯微红染了眼尾与君相约今生同进共退是谁望穿秋水多少风雨如晦陌上花开故人可否思归是谁又逢新岁听闻檐下燕回与君长相对方展眉堂前晚梅雪中新蕊盼去岁共庆人间祥瑞宝钗玉珮琼枝点翠入夜不能寐心事婉转溯洄三月芳菲一汪春水着凤冠霞帔千娇百媚乱红纷飞黛消铅褪青丝云鬓坠不悔行客匆匆向漠北常言道旧梦难追且温壶茶再对镜描眉总有人等故事到终回是谁年少凭栏不知世间滋味陌上采薇迎风飘飘衣袂是谁对月举杯微红染了眼尾与君相约今生同尘与灰是谁朝霞夕晖不惧风雨如晦陌上花开故人缓缓而归是谁又逢新岁待到檐下燕回与君长相对方展眉制作吴遐混音董子龙监制程修华出品方歌词艺创未经著作权人书面许可不得以任何方式包括翻唱翻录等使用
古风,大雨时行演唱小时姑娘作词骆栖淮作曲锦年编曲韩宗晏和声编唱二添小时姑娘混音二添视觉觅风塔林策划赵素冰制作人小时姑娘制作出品时不语工作室这扶摇天地以尘埃铺叙归龙潜云底窥听万物声息化为你来时的雨如此清晰等大雨漫青苔绿壁等行路狼藉等有心人也为之欢喜等诗人趁兴来提笔等春秋写意等千万里一个你于是蔷薇飞絮梅子晴溪于是冥冥相遇又将别离原你曾在这里挑新藤虫羽方得见遗迹于是草木沉寂而我藏匿于是惊雷骤雨爱多绵密不过千丝万缕间奏等大雨漫青苔绿壁等行路狼藉等有心人也为之寻觅等诗人将天地暗喻等春秋写意等千万里一个你于是枯荣轻易朝暮瞬息于是冥冥相遇又将别离原你曾在这里挑新藤虫羽方得见遗迹于是草木沉寂而我藏匿于是惊雷骤雨爱多绵密不过千丝万缕于是世间传奇正当桃李于是冥冥相遇又将别离原你曾在这里挑新藤虫羽方得见遗迹于是相逢而已不过间隙于是惊雷骤雨纷涌不及不过千丝万缕
古风,作词边疆作曲金志文词边疆曲金志文演唱张晓棠出品施永晨北京博山娱乐文化传媒有限公司未经著作权人许可不得翻录翻唱或使用薄汗轻衣点缀这泼墨画山水慵整纤纤手叫洛阳纸贵可怜落花叩玉枕拂袖人还昏睡清风微寒惹一厢粉黛又愁眉对镜梳妆探听人声鼎沸多情自是多沾惹梦断不成归几分憔悴锦瑟无端声悔赢得满行泪直道君心不美日夜东流水思悠悠恨悠悠何时方始休半江信半江愁觥筹恍惚交杯劝留几小辈棋逢红颜一醉千军万马退剪不断理还乱哽咽锁清喉饮曲肝肠碎清风微寒惹一厢粉黛又愁眉对镜梳妆探听人声鼎沸多情自是多沾惹梦断不成归几分憔悴秋色连波波上寒烟翠山映斜阳天水傍芳草无情更在斜阳外夜夜好梦留人睡楼高休独倚酒入谁人愁肠化作相思泪锦瑟无端声悔赢得满行泪直道君心不美日夜东流水思悠悠恨悠悠何时方始休半江信半江愁觥筹恍惚交杯劝留几小辈棋逢红颜一醉千军万马退剪不断理还乱哽咽锁清喉饮曲肝肠碎
古风,作词萧燃作曲萧燃编曲卡其漠罗洋作词萧燃作曲萧燃编曲卡其漠罗洋制作人卡其漠罗洋笛子囚牛古筝紫格哈哈和声利比混音利比封面设计平生不晚统筹宣推七岁监制劲量音乐营销奔奔娱乐发行抖音音乐发行统筹郭舒心营销推广夏天出品蔡雨燕猛犸文化未经许可禁止翻唱或使用月光洒落镜面遇水化烟氤氲起舞翩翩好似仙回忆淡然化做万语千言何时再见君一面孑然一身独饮花中酒镜上愁思独吟天上月好似作画之人提笔落思索着与谁说星月落落入世间使得花败人断肠多执着惊鸿怎让人遗忘烽火扬再舞一回终于曲终人散场又寻下一轮月光孑然一身独饮花中酒镜上愁思独吟天上月好似作画之人提笔落思索着与谁说星月落落入世间使得花败人断肠多执着惊鸿怎让人遗忘烽火扬再舞一回终于曲终人散场又寻下一轮月光剪不断情字难忘青烟飘散在远方理不乱我心思我理不乱恨茫茫一眼忘断天涯路无处可藏是否隐蔽在月光
古风,烽烟中是谁守护的江山战火诉说着离乱辞别那一天何曾想是永远朔风吹雪麾上殷红未干命运最偏爱遗憾任血染衣衫目光更凛然马足龙沙镇河山如画为你行恩威之法此心不化纵使荒唐见惯舞权弄谋尔虞又我诈便要做那一枝孤芳还自赏欲定四方立马道尽疏狂前路何所往待我披甲挽弓一箭射天狼镜前穿戴好霞帔凤冠丹绸将锋刃遮掩抬手红烛剪落笔绛唇轻点十里长街暗藏汹涌波澜觥筹间诡计纠缠谁抽丝剥茧把结局推演那些谋划她全都接下何须管世人眼光决断杀伐踏过疆场犹记铁马冰河浩浩又汤汤便要做那一石激起千层浪胜败无常不必困于虚妄勘透这炎凉待我拔剑而向寒芒胜冰霜你看那峭壁之上生一枝红花有如一轮烈日荡开了迷惘若苍生求不得心中那道黎明曙光待我化作骄阳昭盛景天下
古风,作词绝非言作曲文致编曲李化禹制作人吴遐春光灼灼又一年江南好颜色谁无名冢前折桃花一朵看亭台楼阁华灯摇动衣罗少年打马过目光多清澈寻常巷陌街边传来阵阵吆喝我在闹市里小茶馆一坐醒木一拍桌台下诸位贵客我白扇开合上回正说烽烟四起家国零落江湖漂泊锦书难托今朝盛世若问为何且听我把那旧事一一说他以芒鞋踏破多少山高与海阔才在荒芜之中点燃了星火他以旌旗迎着烈烈长风向大漠任岁月如梭守平生一诺他以长剑劈开多少忠良与奸恶直到胸前血色染红了江河他以铁笔泼墨留下青史千万册用一曲离歌换人间安乐念白江河水碧江山青赢得朝朝暮暮情旧恨深巷无人识倚栏独赏余辉景春光灼灼又一年江南好颜色谁无名冢前折桃花一朵看亭台楼阁华灯摇动衣罗少年打马过目光多清澈寻常巷陌街边传来阵阵吆喝我在闹市里小茶馆一坐醒木一拍桌台下诸位贵客我白扇开合上回正说烽烟四起家国零落江湖漂泊锦书难托今朝盛世若问为何且听我把那旧事一一说他以芒鞋踏破多少山高与海阔才在荒芜之中点燃了星火他以旌旗迎着烈烈长风向大漠任岁月如梭守平生一诺他以长剑劈开多少忠良与奸恶直到胸前血色染红了江河他以铁笔泼墨留下青史千万册用一曲离歌换人间安乐念白卧看人间正安乐着墨自度长离歌烽烟四起家国零落江湖漂泊锦书难托今朝盛世若问为何且听我把那旧事一一说他以芒鞋踏破多少山高与海阔才在荒芜之中点燃了星火他以旌旗迎着烈烈长风向大漠任岁月如梭守平生一诺他以长剑劈开多少忠良与奸恶直到胸前血色染红了江河他以铁笔泼墨留下青史千万册用一曲离歌换人间安乐念白昆曲鉴赏官钱荆溪和声圈辞洛分轨李化禹人声处理小敏歌词艺创出品方寻乐工作室未经著作权人书面许可不得以任何方式包括翻唱翻录等使用
古风,作词绝非言作曲圈编曲董子龙堂前晚梅雪中新蕊盼去岁共庆人间祥瑞宝钗玉珮琼枝点翠入夜不能寐心事婉转溯洄三月芳菲一汪春水着凤冠霞帔千娇百媚乱红纷飞黛消铅褪青丝云鬓坠梦回行客匆匆向漠北常言道旧梦难追且温壶茶再对镜描眉总有人等故事到终回是谁年少凭栏不知世间滋味陌上采薇笑声泠泠清脆是谁对月举杯微红染了眼尾与君相约今生同进共退是谁望穿秋水多少风雨如晦陌上花开故人可否思归是谁又逢新岁听闻檐下燕回与君长相对方展眉堂前晚梅雪中新蕊盼去岁共庆人间祥瑞宝钗玉珮琼枝点翠入夜不能寐心事婉转溯洄三月芳菲一汪春水着凤冠霞帔千娇百媚乱红纷飞黛消铅褪青丝云鬓坠不悔行客匆匆向漠北常言道旧梦难追且温壶茶再对镜描眉总有人等故事到终回是谁年少凭栏不知世间滋味陌上采薇迎风飘飘衣袂是谁对月举杯微红染了眼尾与君相约今生同尘与灰是谁朝霞夕晖不惧风雨如晦陌上花开故人缓缓而归是谁又逢新岁待到檐下燕回与君长相对方展眉制作吴遐混音董子龙监制程修华出品方歌词艺创未经著作权人书面许可不得以任何方式包括翻唱翻录等使用
古风,大雨时行演唱小时姑娘作词骆栖淮作曲锦年编曲韩宗晏和声编唱二添小时姑娘混音二添视觉觅风塔林策划赵素冰制作人小时姑娘制作出品时不语工作室这扶摇天地以尘埃铺叙归龙潜云底窥听万物声息化为你来时的雨如此清晰等大雨漫青苔绿壁等行路狼藉等有心人也为之欢喜等诗人趁兴来提笔等春秋写意等千万里一个你于是蔷薇飞絮梅子晴溪于是冥冥相遇又将别离原你曾在这里挑新藤虫羽方得见遗迹于是草木沉寂而我藏匿于是惊雷骤雨爱多绵密不过千丝万缕间奏等大雨漫青苔绿壁等行路狼藉等有心人也为之寻觅等诗人将天地暗喻等春秋写意等千万里一个你于是枯荣轻易朝暮瞬息于是冥冥相遇又将别离原你曾在这里挑新藤虫羽方得见遗迹于是草木沉寂而我藏匿于是惊雷骤雨爱多绵密不过千丝万缕于是世间传奇正当桃李于是冥冥相遇又将别离原你曾在这里挑新藤虫羽方得见遗迹于是相逢而已不过间隙于是惊雷骤雨纷涌不及不过千丝万缕
古风,作词边疆作曲金志文词边疆曲金志文演唱张晓棠出品施永晨北京博山娱乐文化传媒有限公司未经著作权人许可不得翻录翻唱或使用薄汗轻衣点缀这泼墨画山水慵整纤纤手叫洛阳纸贵可怜落花叩玉枕拂袖人还昏睡清风微寒惹一厢粉黛又愁眉对镜梳妆探听人声鼎沸多情自是多沾惹梦断不成归几分憔悴锦瑟无端声悔赢得满行泪直道君心不美日夜东流水思悠悠恨悠悠何时方始休半江信半江愁觥筹恍惚交杯劝留几小辈棋逢红颜一醉千军万马退剪不断理还乱哽咽锁清喉饮曲肝肠碎清风微寒惹一厢粉黛又愁眉对镜梳妆探听人声鼎沸多情自是多沾惹梦断不成归几分憔悴秋色连波波上寒烟翠山映斜阳天水傍芳草无情更在斜阳外夜夜好梦留人睡楼高休独倚酒入谁人愁肠化作相思泪锦瑟无端声悔赢得满行泪直道君心不美日夜东流水思悠悠恨悠悠何时方始休半江信半江愁觥筹恍惚交杯劝留几小辈棋逢红颜一醉千军万马退剪不断理还乱哽咽锁清喉饮曲肝肠碎
古风,作词萧燃作曲萧燃编曲卡其漠罗洋作词萧燃作曲萧燃编曲卡其漠罗洋制作人卡其漠罗洋笛子囚牛古筝紫格哈哈和声利比混音利比封面设计平生不晚统筹宣推七岁监制劲量音乐营销奔奔娱乐发行抖音音乐发行统筹郭舒心营销推广夏天出品蔡雨燕猛犸文化未经许可禁止翻唱或使用月光洒落镜面遇水化烟氤氲起舞翩翩好似仙回忆淡然化做万语千言何时再见君一面孑然一身独饮花中酒镜上愁思独吟天上月好似作画之人提笔落思索着与谁说星月落落入世间使得花败人断肠多执着惊鸿怎让人遗忘烽火扬再舞一回终于曲终人散场又寻下一轮月光孑然一身独饮花中酒镜上愁思独吟天上月好似作画之人提笔落思索着与谁说星月落落入世间使得花败人断肠多执着惊鸿怎让人遗忘烽火扬再舞一回终于曲终人散场又寻下一轮月光剪不断情字难忘青烟飘散在远方理不乱我心思我理不乱恨茫茫一眼忘断天涯路无处可藏是否隐蔽在月光
古风,烽烟中是谁守护的江山战火诉说着离乱辞别那一天何曾想是永远朔风吹雪麾上殷红未干命运最偏爱遗憾任血染衣衫目光更凛然马足龙沙镇河山如画为你行恩威之法此心不化纵使荒唐见惯舞权弄谋尔虞又我诈便要做那一枝孤芳还自赏欲定四方立马道尽疏狂前路何所往待我披甲挽弓一箭射天狼镜前穿戴好霞帔凤冠丹绸将锋刃遮掩抬手红烛剪落笔绛唇轻点十里长街暗藏汹涌波澜觥筹间诡计纠缠谁抽丝剥茧把结局推演那些谋划她全都接下何须管世人眼光决断杀伐踏过疆场犹记铁马冰河浩浩又汤汤便要做那一石激起千层浪胜败无常不必困于虚妄勘透这炎凉待我拔剑而向寒芒胜冰霜你看那峭壁之上生一枝红花有如一轮烈日荡开了迷惘若苍生求不得心中那道黎明曙光待我化作骄阳昭盛景天下
古风,作词绝非言作曲文致编曲李化禹制作人吴遐春光灼灼又一年江南好颜色谁无名冢前折桃花一朵看亭台楼阁华灯摇动衣罗少年打马过目光多清澈寻常巷陌街边传来阵阵吆喝我在闹市里小茶馆一坐醒木一拍桌台下诸位贵客我白扇开合上回正说烽烟四起家国零落江湖漂泊锦书难托今朝盛世若问为何且听我把那旧事一一说他以芒鞋踏破多少山高与海阔才在荒芜之中点燃了星火他以旌旗迎着烈烈长风向大漠任岁月如梭守平生一诺他以长剑劈开多少忠良与奸恶直到胸前血色染红了江河他以铁笔泼墨留下青史千万册用一曲离歌换人间安乐念白江河水碧江山青赢得朝朝暮暮情旧恨深巷无人识倚栏独赏余辉景春光灼灼又一年江南好颜色谁无名冢前折桃花一朵看亭台楼阁华灯摇动衣罗少年打马过目光多清澈寻常巷陌街边传来阵阵吆喝我在闹市里小茶馆一坐醒木一拍桌台下诸位贵客我白扇开合上回正说烽烟四起家国零落江湖漂泊锦书难托今朝盛世若问为何且听我把那旧事一一说他以芒鞋踏破多少山高与海阔才在荒芜之中点燃了星火他以旌旗迎着烈烈长风向大漠任岁月如梭守平生一诺他以长剑劈开多少忠良与奸恶直到胸前血色染红了江河他以铁笔泼墨留下青史千万册用一曲离歌换人间安乐念白卧看人间正安乐着墨自度长离歌烽烟四起家国零落江湖漂泊锦书难托今朝盛世若问为何且听我把那旧事一一说他以芒鞋踏破多少山高与海阔才在荒芜之中点燃了星火他以旌旗迎着烈烈长风向大漠任岁月如梭守平生一诺他以长剑劈开多少忠良与奸恶直到胸前血色染红了江河他以铁笔泼墨留下青史千万册用一曲离歌换人间安乐念白昆曲鉴赏官钱荆溪和声圈辞洛分轨李化禹人声处理小敏歌词艺创出品方寻乐工作室未经著作权人书面许可不得以任何方式包括翻唱翻录等使用
古风,作词绝非言作曲圈编曲董子龙堂前晚梅雪中新蕊盼去岁共庆人间祥瑞宝钗玉珮琼枝点翠入夜不能寐心事婉转溯洄三月芳菲一汪春水着凤冠霞帔千娇百媚乱红纷飞黛消铅褪青丝云鬓坠梦回行客匆匆向漠北常言道旧梦难追且温壶茶再对镜描眉总有人等故事到终回是谁年少凭栏不知世间滋味陌上采薇笑声泠泠清脆是谁对月举杯微红染了眼尾与君相约今生同进共退是谁望穿秋水多少风雨如晦陌上花开故人可否思归是谁又逢新岁听闻檐下燕回与君长相对方展眉堂前晚梅雪中新蕊盼去岁共庆人间祥瑞宝钗玉珮琼枝点翠入夜不能寐心事婉转溯洄三月芳菲一汪春水着凤冠霞帔千娇百媚乱红纷飞黛消铅褪青丝云鬓坠不悔行客匆匆向漠北常言道旧梦难追且温壶茶再对镜描眉总有人等故事到终回是谁年少凭栏不知世间滋味陌上采薇迎风飘飘衣袂是谁对月举杯微红染了眼尾与君相约今生同尘与灰是谁朝霞夕晖不惧风雨如晦陌上花开故人缓缓而归是谁又逢新岁待到檐下燕回与君长相对方展眉制作吴遐混音董子龙监制程修华出品方歌词艺创未经著作权人书面许可不得以任何方式包括翻唱翻录等使用
古风,大雨时行演唱小时姑娘作词骆栖淮作曲锦年编曲韩宗晏和声编唱二添小时姑娘混音二添视觉觅风塔林策划赵素冰制作人小时姑娘制作出品时不语工作室这扶摇天地以尘埃铺叙归龙潜云底窥听万物声息化为你来时的雨如此清晰等大雨漫青苔绿壁等行路狼藉等有心人也为之欢喜等诗人趁兴来提笔等春秋写意等千万里一个你于是蔷薇飞絮梅子晴溪于是冥冥相遇又将别离原你曾在这里挑新藤虫羽方得见遗迹于是草木沉寂而我藏匿于是惊雷骤雨爱多绵密不过千丝万缕间奏等大雨漫青苔绿壁等行路狼藉等有心人也为之寻觅等诗人将天地暗喻等春秋写意等千万里一个你于是枯荣轻易朝暮瞬息于是冥冥相遇又将别离原你曾在这里挑新藤虫羽方得见遗迹于是草木沉寂而我藏匿于是惊雷骤雨爱多绵密不过千丝万缕于是世间传奇正当桃李于是冥冥相遇又将别离原你曾在这里挑新藤虫羽方得见遗迹于是相逢而已不过间隙于是惊雷骤雨纷涌不及不过千丝万缕
古风,作词边疆作曲金志文词边疆曲金志文演唱张晓棠出品施永晨北京博山娱乐文化传媒有限公司未经著作权人许可不得翻录翻唱或使用薄汗轻衣点缀这泼墨画山水慵整纤纤手叫洛阳纸贵可怜落花叩玉枕拂袖人还昏睡清风微寒惹一厢粉黛又愁眉对镜梳妆探听人声鼎沸多情自是多沾惹梦断不成归几分憔悴锦瑟无端声悔赢得满行泪直道君心不美日夜东流水思悠悠恨悠悠何时方始休半江信半江愁觥筹恍惚交杯劝留几小辈棋逢红颜一醉千军万马退剪不断理还乱哽咽锁清喉饮曲肝肠碎清风微寒惹一厢粉黛又愁眉对镜梳妆探听人声鼎沸多情自是多沾惹梦断不成归几分憔悴秋色连波波上寒烟翠山映斜阳天水傍芳草无情更在斜阳外夜夜好梦留人睡楼高休独倚酒入谁人愁肠化作相思泪锦瑟无端声悔赢得满行泪直道君心不美日夜东流水思悠悠恨悠悠何时方始休半江信半江愁觥筹恍惚交杯劝留几小辈棋逢红颜一醉千军万马退剪不断理还乱哽咽锁清喉饮曲肝肠碎
古风,作词萧燃作曲萧燃编曲卡其漠罗洋作词萧燃作曲萧燃编曲卡其漠罗洋制作人卡其漠罗洋笛子囚牛古筝紫格哈哈和声利比混音利比封面设计平生不晚统筹宣推七岁监制劲量音乐营销奔奔娱乐发行抖音音乐发行统筹郭舒心营销推广夏天出品蔡雨燕猛犸文化未经许可禁止翻唱或使用月光洒落镜面遇水化烟氤氲起舞翩翩好似仙回忆淡然化做万语千言何时再见君一面孑然一身独饮花中酒镜上愁思独吟天上月好似作画之人提笔落思索着与谁说星月落落入世间使得花败人断肠多执着惊鸿怎让人遗忘烽火扬再舞一回终于曲终人散场又寻下一轮月光孑然一身独饮花中酒镜上愁思独吟天上月好似作画之人提笔落思索着与谁说星月落落入世间使得花败人断肠多执着惊鸿怎让人遗忘烽火扬再舞一回终于曲终人散场又寻下一轮月光剪不断情字难忘青烟飘散在远方理不乱我心思我理不乱恨茫茫一眼忘断天涯路无处可藏是否隐蔽在月光
古风,烽烟中是谁守护的江山战火诉说着离乱辞别那一天何曾想是永远朔风吹雪麾上殷红未干命运最偏爱遗憾任血染衣衫目光更凛然马足龙沙镇河山如画为你行恩威之法此心不化纵使荒唐见惯舞权弄谋尔虞又我诈便要做那一枝孤芳还自赏欲定四方立马道尽疏狂前路何所往待我披甲挽弓一箭射天狼镜前穿戴好霞帔凤冠丹绸将锋刃遮掩抬手红烛剪落笔绛唇轻点十里长街暗藏汹涌波澜觥筹间诡计纠缠谁抽丝剥茧把结局推演那些谋划她全都接下何须管世人眼光决断杀伐踏过疆场犹记铁马冰河浩浩又汤汤便要做那一石激起千层浪胜败无常不必困于虚妄勘透这炎凉待我拔剑而向寒芒胜冰霜你看那峭壁之上生一枝红花有如一轮烈日荡开了迷惘若苍生求不得心中那道黎明曙光待我化作骄阳昭盛景天下
古风,作词绝非言作曲文致编曲李化禹制作人吴遐春光灼灼又一年江南好颜色谁无名冢前折桃花一朵看亭台楼阁华灯摇动衣罗少年打马过目光多清澈寻常巷陌街边传来阵阵吆喝我在闹市里小茶馆一坐醒木一拍桌台下诸位贵客我白扇开合上回正说烽烟四起家国零落江湖漂泊锦书难托今朝盛世若问为何且听我把那旧事一一说他以芒鞋踏破多少山高与海阔才在荒芜之中点燃了星火他以旌旗迎着烈烈长风向大漠任岁月如梭守平生一诺他以长剑劈开多少忠良与奸恶直到胸前血色染红了江河他以铁笔泼墨留下青史千万册用一曲离歌换人间安乐念白江河水碧江山青赢得朝朝暮暮情旧恨深巷无人识倚栏独赏余辉景春光灼灼又一年江南好颜色谁无名冢前折桃花一朵看亭台楼阁华灯摇动衣罗少年打马过目光多清澈寻常巷陌街边传来阵阵吆喝我在闹市里小茶馆一坐醒木一拍桌台下诸位贵客我白扇开合上回正说烽烟四起家国零落江湖漂泊锦书难托今朝盛世若问为何且听我把那旧事一一说他以芒鞋踏破多少山高与海阔才在荒芜之中点燃了星火他以旌旗迎着烈烈长风向大漠任岁月如梭守平生一诺他以长剑劈开多少忠良与奸恶直到胸前血色染红了江河他以铁笔泼墨留下青史千万册用一曲离歌换人间安乐念白卧看人间正安乐着墨自度长离歌烽烟四起家国零落江湖漂泊锦书难托今朝盛世若问为何且听我把那旧事一一说他以芒鞋踏破多少山高与海阔才在荒芜之中点燃了星火他以旌旗迎着烈烈长风向大漠任岁月如梭守平生一诺他以长剑劈开多少忠良与奸恶直到胸前血色染红了江河他以铁笔泼墨留下青史千万册用一曲离歌换人间安乐念白昆曲鉴赏官钱荆溪和声圈辞洛分轨李化禹人声处理小敏歌词艺创出品方寻乐工作室未经著作权人书面许可不得以任何方式包括翻唱翻录等使用
古风,作词绝非言作曲圈编曲董子龙堂前晚梅雪中新蕊盼去岁共庆人间祥瑞宝钗玉珮琼枝点翠入夜不能寐心事婉转溯洄三月芳菲一汪春水着凤冠霞帔千娇百媚乱红纷飞黛消铅褪青丝云鬓坠梦回行客匆匆向漠北常言道旧梦难追且温壶茶再对镜描眉总有人等故事到终回是谁年少凭栏不知世间滋味陌上采薇笑声泠泠清脆是谁对月举杯微红染了眼尾与君相约今生同进共退是谁望穿秋水多少风雨如晦陌上花开故人可否思归是谁又逢新岁听闻檐下燕回与君长相对方展眉堂前晚梅雪中新蕊盼去岁共庆人间祥瑞宝钗玉珮琼枝点翠入夜不能寐心事婉转溯洄三月芳菲一汪春水着凤冠霞帔千娇百媚乱红纷飞黛消铅褪青丝云鬓坠不悔行客匆匆向漠北常言道旧梦难追且温壶茶再对镜描眉总有人等故事到终回是谁年少凭栏不知世间滋味陌上采薇迎风飘飘衣袂是谁对月举杯微红染了眼尾与君相约今生同尘与灰是谁朝霞夕晖不惧风雨如晦陌上花开故人缓缓而归是谁又逢新岁待到檐下燕回与君长相对方展眉制作吴遐混音董子龙监制程修华出品方歌词艺创未经著作权人书面许可不得以任何方式包括翻唱翻录等使用
古风,大雨时行演唱小时姑娘作词骆栖淮作曲锦年编曲韩宗晏和声编唱二添小时姑娘混音二添视觉觅风塔林策划赵素冰制作人小时姑娘制作出品时不语工作室这扶摇天地以尘埃铺叙归龙潜云底窥听万物声息化为你来时的雨如此清晰等大雨漫青苔绿壁等行路狼藉等有心人也为之欢喜等诗人趁兴来提笔等春秋写意等千万里一个你于是蔷薇飞絮梅子晴溪于是冥冥相遇又将别离原你曾在这里挑新藤虫羽方得见遗迹于是草木沉寂而我藏匿于是惊雷骤雨爱多绵密不过千丝万缕间奏等大雨漫青苔绿壁等行路狼藉等有心人也为之寻觅等诗人将天地暗喻等春秋写意等千万里一个你于是枯荣轻易朝暮瞬息于是冥冥相遇又将别离原你曾在这里挑新藤虫羽方得见遗迹于是草木沉寂而我藏匿于是惊雷骤雨爱多绵密不过千丝万缕于是世间传奇正当桃李于是冥冥相遇又将别离原你曾在这里挑新藤虫羽方得见遗迹于是相逢而已不过间隙于是惊雷骤雨纷涌不及不过千丝万缕
古风,作词边疆作曲金志文词边疆曲金志文演唱张晓棠出品施永晨北京博山娱乐文化传媒有限公司未经著作权人许可不得翻录翻唱或使用薄汗轻衣点缀这泼墨画山水慵整纤纤手叫洛阳纸贵可怜落花叩玉枕拂袖人还昏睡清风微寒惹一厢粉黛又愁眉对镜梳妆探听人声鼎沸多情自是多沾惹梦断不成归几分憔悴锦瑟无端声悔赢得满行泪直道君心不美日夜东流水思悠悠恨悠悠何时方始休半江信半江愁觥筹恍惚交杯劝留几小辈棋逢红颜一醉千军万马退剪不断理还乱哽咽锁清喉饮曲肝肠碎清风微寒惹一厢粉黛又愁眉对镜梳妆探听人声鼎沸多情自是多沾惹梦断不成归几分憔悴秋色连波波上寒烟翠山映斜阳天水傍芳草无情更在斜阳外夜夜好梦留人睡楼高休独倚酒入谁人愁肠化作相思泪锦瑟无端声悔赢得满行泪直道君心不美日夜东流水思悠悠恨悠悠何时方始休半江信半江愁觥筹恍惚交杯劝留几小辈棋逢红颜一醉千军万马退剪不断理还乱哽咽锁清喉饮曲肝肠碎
古风,作词萧燃作曲萧燃编曲卡其漠罗洋作词萧燃作曲萧燃编曲卡其漠罗洋制作人卡其漠罗洋笛子囚牛古筝紫格哈哈和声利比混音利比封面设计平生不晚统筹宣推七岁监制劲量音乐营销奔奔娱乐发行抖音音乐发行统筹郭舒心营销推广夏天出品蔡雨燕猛犸文化未经许可禁止翻唱或使用月光洒落镜面遇水化烟氤氲起舞翩翩好似仙回忆淡然化做万语千言何时再见君一面孑然一身独饮花中酒镜上愁思独吟天上月好似作画之人提笔落思索着与谁说星月落落入世间使得花败人断肠多执着惊鸿怎让人遗忘烽火扬再舞一回终于曲终人散场又寻下一轮月光孑然一身独饮花中酒镜上愁思独吟天上月好似作画之人提笔落思索着与谁说星月落落入世间使得花败人断肠多执着惊鸿怎让人遗忘烽火扬再舞一回终于曲终人散场又寻下一轮月光剪不断情字难忘青烟飘散在远方理不乱我心思我理不乱恨茫茫一眼忘断天涯路无处可藏是否隐蔽在月光
古风,烽烟中是谁守护的江山战火诉说着离乱辞别那一天何曾想是永远朔风吹雪麾上殷红未干命运最偏爱遗憾任血染衣衫目光更凛然马足龙沙镇河山如画为你行恩威之法此心不化纵使荒唐见惯舞权弄谋尔虞又我诈便要做那一枝孤芳还自赏欲定四方立马道尽疏狂前路何所往待我披甲挽弓一箭射天狼镜前穿戴好霞帔凤冠丹绸将锋刃遮掩抬手红烛剪落笔绛唇轻点十里长街暗藏汹涌波澜觥筹间诡计纠缠谁抽丝剥茧把结局推演那些谋划她全都接下何须管世人眼光决断杀伐踏过疆场犹记铁马冰河浩浩又汤汤便要做那一石激起千层浪胜败无常不必困于虚妄勘透这炎凉待我拔剑而向寒芒胜冰霜你看那峭壁之上生一枝红花有如一轮烈日荡开了迷惘若苍生求不得心中那道黎明曙光待我化作骄阳昭盛景天下
古风,作词绝非言作曲文致编曲李化禹制作人吴遐春光灼灼又一年江南好颜色谁无名冢前折桃花一朵看亭台楼阁华灯摇动衣罗少年打马过目光多清澈寻常巷陌街边传来阵阵吆喝我在闹市里小茶馆一坐醒木一拍桌台下诸位贵客我白扇开合上回正说烽烟四起家国零落江湖漂泊锦书难托今朝盛世若问为何且听我把那旧事一一说他以芒鞋踏破多少山高与海阔才在荒芜之中点燃了星火他以旌旗迎着烈烈长风向大漠任岁月如梭守平生一诺他以长剑劈开多少忠良与奸恶直到胸前血色染红了江河他以铁笔泼墨留下青史千万册用一曲离歌换人间安乐念白江河水碧江山青赢得朝朝暮暮情旧恨深巷无人识倚栏独赏余辉景春光灼灼又一年江南好颜色谁无名冢前折桃花一朵看亭台楼阁华灯摇动衣罗少年打马过目光多清澈寻常巷陌街边传来阵阵吆喝我在闹市里小茶馆一坐醒木一拍桌台下诸位贵客我白扇开合上回正说烽烟四起家国零落江湖漂泊锦书难托今朝盛世若问为何且听我把那旧事一一说他以芒鞋踏破多少山高与海阔才在荒芜之中点燃了星火他以旌旗迎着烈烈长风向大漠任岁月如梭守平生一诺他以长剑劈开多少忠良与奸恶直到胸前血色染红了江河他以铁笔泼墨留下青史千万册用一曲离歌换人间安乐念白卧看人间正安乐着墨自度长离歌烽烟四起家国零落江湖漂泊锦书难托今朝盛世若问为何且听我把那旧事一一说他以芒鞋踏破多少山高与海阔才在荒芜之中点燃了星火他以旌旗迎着烈烈长风向大漠任岁月如梭守平生一诺他以长剑劈开多少忠良与奸恶直到胸前血色染红了江河他以铁笔泼墨留下青史千万册用一曲离歌换人间安乐念白昆曲鉴赏官钱荆溪和声圈辞洛分轨李化禹人声处理小敏歌词艺创出品方寻乐工作室未经著作权人书面许可不得以任何方式包括翻唱翻录等使用
古风,作词边疆作曲金志文词边疆曲金志文演唱张晓棠出品施永晨北京博山娱乐文化传媒有限公司未经著作权人许可不得翻录翻唱或使用薄汗轻衣点缀这泼墨画山水慵整纤纤手叫洛阳纸贵可怜落花叩玉枕拂袖人还昏睡清风微寒惹一厢粉黛又愁眉对镜梳妆探听人声鼎沸多情自是多沾惹梦断不成归几分憔悴锦瑟无端声悔赢得满行泪直道君心不美日夜东流水思悠悠恨悠悠何时方始休半江信半江愁觥筹恍惚交杯劝留几小辈棋逢红颜一醉千军万马退剪不断理还乱哽咽锁清喉饮曲肝肠碎清风微寒惹一厢粉黛又愁眉对镜梳妆探听人声鼎沸多情自是多沾惹梦断不成归几分憔悴秋色连波波上寒烟翠山映斜阳天水傍芳草无情更在斜阳外夜夜好梦留人睡楼高休独倚酒入谁人愁肠化作相思泪锦瑟无端声悔赢得满行泪直道君心不美日夜东流水思悠悠恨悠悠何时方始休半江信半江愁觥筹恍惚交杯劝留几小辈棋逢红颜一醉千军万马退剪不断理还乱哽咽锁清喉饮曲肝肠碎
古风,作词萧燃作曲萧燃编曲卡其漠罗洋作词萧燃作曲萧燃编曲卡其漠罗洋制作人卡其漠罗洋笛子囚牛古筝紫格哈哈和声利比混音利比封面设计平生不晚统筹宣推七岁监制劲量音乐营销奔奔娱乐发行抖音音乐发行统筹郭舒心营销推广夏天出品蔡雨燕猛犸文化未经许可禁止翻唱或使用月光洒落镜面遇水化烟氤氲起舞翩翩好似仙回忆淡然化做万语千言何时再见君一面孑然一身独饮花中酒镜上愁思独吟天上月好似作画之人提笔落思索着与谁说星月落落入世间使得花败人断肠多执着惊鸿怎让人遗忘烽火扬再舞一回终于曲终人散场又寻下一轮月光孑然一身独饮花中酒镜上愁思独吟天上月好似作画之人提笔落思索着与谁说星月落落入世间使得花败人断肠多执着惊鸿怎让人遗忘烽火扬再舞一回终于曲终人散场又寻下一轮月光剪不断情字难忘青烟飘散在远方理不乱我心思我理不乱恨茫茫一眼忘断天涯路无处可藏是否隐蔽在月光
民谣,作词边疆作曲金志文词边疆曲金志文演唱张晓棠出品施永晨北京博山娱乐文化传媒有限公司未经著作权人许可不得翻录翻唱或使用薄汗轻衣点缀这泼墨画山水慵整纤纤手叫洛阳纸贵可怜落花叩玉枕拂袖人还昏睡清风微寒惹一厢粉黛又愁眉对镜梳妆探听人声鼎沸多情自是多沾惹梦断不成归几分憔悴锦瑟无端声悔赢得满行泪直道君心不美日夜东流水思悠悠恨悠悠何时方始休半江信半江愁觥筹恍惚交杯劝留几小辈棋逢红颜一醉千军万马退剪不断理还乱哽咽锁清喉饮曲肝肠碎清风微寒惹一厢粉黛又愁眉对镜梳妆探听人声鼎沸多情自是多沾惹梦断不成归几分憔悴秋色连波波上寒烟翠山映斜阳天水傍芳草无情更在斜阳外夜夜好梦留人睡楼高休独倚酒入谁人愁肠化作相思泪锦瑟无端声悔赢得满行泪直道君心不美日夜东流水思悠悠恨悠悠何时方始休半江信半江愁觥筹恍惚交杯劝留几小辈棋逢红颜一醉千军万马退剪不断理还乱哽咽锁清喉饮曲肝肠碎
民谣,作词萧燃作曲萧燃编曲卡其漠罗洋作词萧燃作曲萧燃编曲卡其漠罗洋制作人卡其漠罗洋笛子囚牛古筝紫格哈哈和声利比混音利比封面设计平生不晚统筹宣推七岁监制劲量音乐营销奔奔娱乐发行抖音音乐发行统筹郭舒心营销推广夏天出品蔡雨燕猛犸文化未经许可禁止翻唱或使用月光洒落镜面遇水化烟氤氲起舞翩翩好似仙回忆淡然化做万语千言何时再见君一面孑然一身独饮花中酒镜上愁思独吟天上月好似作画之人提笔落思索着与谁说星月落落入世间使得花败人断肠多执着惊鸿怎让人遗忘烽火扬再舞一回终于曲终人散场又寻下一轮月光孑然一身独饮花中酒镜上愁思独吟天上月好似作画之人提笔落思索着与谁说星月落落入世间使得花败人断肠多执着惊鸿怎让人遗忘烽火扬再舞一回终于曲终人散场又寻下一轮月光剪不断情字难忘青烟飘散在远方理不乱我心思我理不乱恨茫茫一眼忘断天涯路无处可藏是否隐蔽在月光
民谣,烽烟中是谁守护的江山战火诉说着离乱辞别那一天何曾想是永远朔风吹雪麾上殷红未干命运最偏爱遗憾任血染衣衫目光更凛然马足龙沙镇河山如画为你行恩威之法此心不化纵使荒唐见惯舞权弄谋尔虞又我诈便要做那一枝孤芳还自赏欲定四方立马道尽疏狂前路何所往待我披甲挽弓一箭射天狼镜前穿戴好霞帔凤冠丹绸将锋刃遮掩抬手红烛剪落笔绛唇轻点十里长街暗藏汹涌波澜觥筹间诡计纠缠谁抽丝剥茧把结局推演那些谋划她全都接下何须管世人眼光决断杀伐踏过疆场犹记铁马冰河浩浩又汤汤便要做那一石激起千层浪胜败无常不必困于虚妄勘透这炎凉待我拔剑而向寒芒胜冰霜你看那峭壁之上生一枝红花有如一轮烈日荡开了迷惘若苍生求不得心中那道黎明曙光待我化作骄阳昭盛景天下
民谣,作词绝非言作曲文致编曲李化禹制作人吴遐春光灼灼又一年江南好颜色谁无名冢前折桃花一朵看亭台楼阁华灯摇动衣罗少年打马过目光多清澈寻常巷陌街边传来阵阵吆喝我在闹市里小茶馆一坐醒木一拍桌台下诸位贵客我白扇开合上回正说烽烟四起家国零落江湖漂泊锦书难托今朝盛世若问为何且听我把那旧事一一说他以芒鞋踏破多少山高与海阔才在荒芜之中点燃了星火他以旌旗迎着烈烈长风向大漠任岁月如梭守平生一诺他以长剑劈开多少忠良与奸恶直到胸前血色染红了江河他以铁笔泼墨留下青史千万册用一曲离歌换人间安乐念白江河水碧江山青赢得朝朝暮暮情旧恨深巷无人识倚栏独赏余辉景春光灼灼又一年江南好颜色谁无名冢前折桃花一朵看亭台楼阁华灯摇动衣罗少年打马过目光多清澈寻常巷陌街边传来阵阵吆喝我在闹市里小茶馆一坐醒木一拍桌台下诸位贵客我白扇开合上回正说烽烟四起家国零落江湖漂泊锦书难托今朝盛世若问为何且听我把那旧事一一说他以芒鞋踏破多少山高与海阔才在荒芜之中点燃了星火他以旌旗迎着烈烈长风向大漠任岁月如梭守平生一诺他以长剑劈开多少忠良与奸恶直到胸前血色染红了江河他以铁笔泼墨留下青史千万册用一曲离歌换人间安乐念白卧看人间正安乐着墨自度长离歌烽烟四起家国零落江湖漂泊锦书难托今朝盛世若问为何且听我把那旧事一一说他以芒鞋踏破多少山高与海阔才在荒芜之中点燃了星火他以旌旗迎着烈烈长风向大漠任岁月如梭守平生一诺他以长剑劈开多少忠良与奸恶直到胸前血色染红了江河他以铁笔泼墨留下青史千万册用一曲离歌换人间安乐念白昆曲鉴赏官钱荆溪和声圈辞洛分轨李化禹人声处理小敏歌词艺创出品方寻乐工作室未经著作权人书面许可不得以任何方式包括翻唱翻录等使用
民谣,作词绝非言作曲圈编曲董子龙堂前晚梅雪中新蕊盼去岁共庆人间祥瑞宝钗玉珮琼枝点翠入夜不能寐心事婉转溯洄三月芳菲一汪春水着凤冠霞帔千娇百媚乱红纷飞黛消铅褪青丝云鬓坠梦回行客匆匆向漠北常言道旧梦难追且温壶茶再对镜描眉总有人等故事到终回是谁年少凭栏不知世间滋味陌上采薇笑声泠泠清脆是谁对月举杯微红染了眼尾与君相约今生同进共退是谁望穿秋水多少风雨如晦陌上花开故人可否思归是谁又逢新岁听闻檐下燕回与君长相对方展眉堂前晚梅雪中新蕊盼去岁共庆人间祥瑞宝钗玉珮琼枝点翠入夜不能寐心事婉转溯洄三月芳菲一汪春水着凤冠霞帔千娇百媚乱红纷飞黛消铅褪青丝云鬓坠不悔行客匆匆向漠北常言道旧梦难追且温壶茶再对镜描眉总有人等故事到终回是谁年少凭栏不知世间滋味陌上采薇迎风飘飘衣袂是谁对月举杯微红染了眼尾与君相约今生同尘与灰是谁朝霞夕晖不惧风雨如晦陌上花开故人缓缓而归是谁又逢新岁待到檐下燕回与君长相对方展眉制作吴遐混音董子龙监制程修华出品方歌词艺创未经著作权人书面许可不得以任何方式包括翻唱翻录等使用
民谣,作词边疆作曲金志文词边疆曲金志文演唱张晓棠出品施永晨北京博山娱乐文化传媒有限公司未经著作权人许可不得翻录翻唱或使用薄汗轻衣点缀这泼墨画山水慵整纤纤手叫洛阳纸贵可怜落花叩玉枕拂袖人还昏睡清风微寒惹一厢粉黛又愁眉对镜梳妆探听人声鼎沸多情自是多沾惹梦断不成归几分憔悴锦瑟无端声悔赢得满行泪直道君心不美日夜东流水思悠悠恨悠悠何时方始休半江信半江愁觥筹恍惚交杯劝留几小辈棋逢红颜一醉千军万马退剪不断理还乱哽咽锁清喉饮曲肝肠碎清风微寒惹一厢粉黛又愁眉对镜梳妆探听人声鼎沸多情自是多沾惹梦断不成归几分憔悴秋色连波波上寒烟翠山映斜阳天水傍芳草无情更在斜阳外夜夜好梦留人睡楼高休独倚酒入谁人愁肠化作相思泪锦瑟无端声悔赢得满行泪直道君心不美日夜东流水思悠悠恨悠悠何时方始休半江信半江愁觥筹恍惚交杯劝留几小辈棋逢红颜一醉千军万马退剪不断理还乱哽咽锁清喉饮曲肝肠碎
民谣,作词朴树作曲朴树编曲张亚东制作人张亚东突然落下的夜晚灯火已隔世般阑珊昨天已经去得很远我的窗前已模糊一片大风声像没发生太多的记忆又怎样放开我的手怕你说那些被风吹起的日子在深夜收紧我的心日子快消失了一半那些梦又怎能做完你还在拼命的追赶这条路究竟是要去哪儿大风声像没发生太多的记忆又怎样放开我的手怕你说那些被风吹起的日子在深夜收紧我的心咿呀时光真疯狂我一路执迷与匆忙依稀悲伤来不及遗忘只有待风将她埋葬咿呀咿呀待风将她埋葬咿呀咿呀待风将她埋葬咿呀咿呀我们曾在路上咿呀咿呀待风将她埋葬
民谣,作词钟永丰作曲林生祥客语发音中文白话母亲口白成仔耕田是耕毋出水成仔耕田是耕不出油水汝又冇读到有书你又没读到什么书毋当出去学一个技术不如出去学点技术人讲百番头路百番难人说百种工作百种难就算讨食也冇清闲就算乞食也不清闲成仔爱煞猛认真做喔成仔要努力认真做他人系驶个别人家如果开辆捱等是铁牛车罔拖我们就铁牛车勉强拖罔拖罔拖定着会有凑合凑合一定会有高进介日呐高进的日子送捱出庄汝讲介话送我出庄你讲过的话捱冇腆放歇半下我一刻也没忘但系阿姆这十年日呐但是母亲这十年日子捱像冇点主介鬼我像无主游魂觅过头路一项又一项工作干过一样又一样哀哉冇半项有望哀哉没半样有希望交过细妹一只过一只女孩交过一个又一个通概冇半只兜搭一概都难以成双经济起泡捱人生变泡经济起泡我人生幻灭离农离土真登波离农离土真波折毋当来归毋当来归不如归乡不如归乡阿姆原谅捱来归母亲原谅我要归乡捱爱舍死归到山寮下我要舍命回到山寮下重新做人重新做人捱爱舍死归到山寮下我要舍命回到山寮下重新做人重新做人成仔爱煞猛认真做喔成仔要努力认真做他人系驶个别人家如果开辆捱等是铁牛车罔拖我们就铁牛车勉强拖罔拖罔拖定着会有凑合凑合一定会有高进介日呐高进的日子就系恁呐就是这样捱骑着风神我骑着风神直别这只发廅介都市辞别这个哮喘的都市菜鸟哇目镜仔鸡屎洪仔菜鸟仔目镜仔鸡屎宏我是正坏势河洛话我真的很不好意思就系恁呐就是这样捱骑着风神我骑着风神荦确荦确呼天呼地老旧松脱呼天抢地屌伊景气麽该前途管它景气什前途啊捱不在乎我不在乎伯公伯公子弟撖汝颔头土地公土地公子弟向您点头拜託拜託路灯火全部切卑伊乌哇拜託拜託把路灯全部都关掉毋使问尔子弟做该爱归来呀不必问您的子弟为何要跑回来呀怎是会走归来呀伯公伯公子弟撖汝颔头土地公土地公子弟向您点头拜託拜託左邻右舍好睡目也呀拜託拜託左邻右舍该睡觉了啊莫奔佢等问这子弟怎会走归来呀不要让他们问为什要跑回来呀莫奔佢等按多捱膦好问呀不要让他们这多问就系恁呐就是这样捱骑着风神我骑着风神夜色起乩星仔绉筋夜色起乩星儿抽筋椰子树槟榔树电火杵椰子树槟榔树电火杵全全着惊全都受惊就系按呐就是这样捱骑着风神一二五我骑着风神接上县道一八四接上这条县道生仔摆裕牯膦阿丰牯阿丰牯生仔摆裕牯膦捱麻倒归来也哟我也回来也了哟就系恁呐就是这样伯公伯公捱麻倒归来也哟
民谣,泥娃娃泥娃娃泥娃娃眼睛不会眨嘴巴不说话她是个泥娃娃眼睛不会眨嘴巴不说话她是个泥娃娃她是个泥娃娃不是个真娃娃他没有亲爱的妈妈也没有爸爸泥娃娃泥娃娃一个泥娃娃我做她妈妈我做她爸爸永远爱着她
民谣,作词朴树作曲朴树编曲张亚东制作人张亚东也不知在黑暗中究竟沉睡了多久也不知要有多难才能睁开双眼我从远方赶来恰巧你们也在痴迷流连人间我为她而狂野我是这耀眼的瞬间是划过天边的刹那火焰我为你来看我不顾一切我将熄灭永不能再回来我在这里啊就在这里啊惊鸿一般短暂像夏花一样绚烂这是一个多美丽又遗憾的世界我们就这样抱着笑着还流着泪我从远方赶来赴你一面之约痴迷流连人间我为她而狂野我是这耀眼的瞬间是划过天边的刹那火焰我为你来看我不顾一切我将熄灭永不能再回来我在这里啊就在这里啊惊鸿一般短暂如夏花一样绚烂我是这耀眼的瞬间是划过天边的刹那火焰我为你来看我不顾一切我将熄灭永不能再回来不虚此行呀不虚此行呀惊鸿一般短暂开放在你眼前我是这耀眼的瞬间是划过天边的刹那火焰我要你来爱我不顾一切我将熄灭永不能再回来一路春光啊一路荆棘呀惊鸿一般短暂如夏花一样绚烂这是一个不能停留太久的世界
民谣,十年水流东啊十年水流西流晚几年行得不啊鬼还不知啊旧年啊番薯不比今年啊芋头呀亲像国家的经济楼价四散飞乒乒乓乓啊摆着圈乒乒乓乓啊摆着圈十年水流东啊十年水流西流晚几年行得不啊鬼还不知啊旧年啊番薯不比今年啊芋头呀亲像国家的经济楼价四散飞梅州的鲢鱼哦汕尾的鳝鱼亲像人死后眼睛就瞌下去人讲我讲梦话亲像讲的是海丰话我不知啊我不知啊啦啦啦啦今日啦全球化啊明日就自己过啦啦啦啦啦啦啦啦
民谣,作词边疆作曲金志文词边疆曲金志文演唱张晓棠出品施永晨北京博山娱乐文化传媒有限公司未经著作权人许可不得翻录翻唱或使用薄汗轻衣点缀这泼墨画山水慵整纤纤手叫洛阳纸贵可怜落花叩玉枕拂袖人还昏睡清风微寒惹一厢粉黛又愁眉对镜梳妆探听人声鼎沸多情自是多沾惹梦断不成归几分憔悴锦瑟无端声悔赢得满行泪直道君心不美日夜东流水思悠悠恨悠悠何时方始休半江信半江愁觥筹恍惚交杯劝留几小辈棋逢红颜一醉千军万马退剪不断理还乱哽咽锁清喉饮曲肝肠碎清风微寒惹一厢粉黛又愁眉对镜梳妆探听人声鼎沸多情自是多沾惹梦断不成归几分憔悴秋色连波波上寒烟翠山映斜阳天水傍芳草无情更在斜阳外夜夜好梦留人睡楼高休独倚酒入谁人愁肠化作相思泪锦瑟无端声悔赢得满行泪直道君心不美日夜东流水思悠悠恨悠悠何时方始休半江信半江愁觥筹恍惚交杯劝留几小辈棋逢红颜一醉千军万马退剪不断理还乱哽咽锁清喉饮曲肝肠碎
民谣,作词朴树作曲朴树编曲张亚东制作人张亚东突然落下的夜晚灯火已隔世般阑珊昨天已经去得很远我的窗前已模糊一片大风声像没发生太多的记忆又怎样放开我的手怕你说那些被风吹起的日子在深夜收紧我的心日子快消失了一半那些梦又怎能做完你还在拼命的追赶这条路究竟是要去哪儿大风声像没发生太多的记忆又怎样放开我的手怕你说那些被风吹起的日子在深夜收紧我的心咿呀时光真疯狂我一路执迷与匆忙依稀悲伤来不及遗忘只有待风将她埋葬咿呀咿呀待风将她埋葬咿呀咿呀待风将她埋葬咿呀咿呀我们曾在路上咿呀咿呀待风将她埋葬
民谣,作词钟永丰作曲林生祥客语发音中文白话母亲口白成仔耕田是耕毋出水成仔耕田是耕不出油水汝又冇读到有书你又没读到什么书毋当出去学一个技术不如出去学点技术人讲百番头路百番难人说百种工作百种难就算讨食也冇清闲就算乞食也不清闲成仔爱煞猛认真做喔成仔要努力认真做他人系驶个别人家如果开辆捱等是铁牛车罔拖我们就铁牛车勉强拖罔拖罔拖定着会有凑合凑合一定会有高进介日呐高进的日子送捱出庄汝讲介话送我出庄你讲过的话捱冇腆放歇半下我一刻也没忘但系阿姆这十年日呐但是母亲这十年日子捱像冇点主介鬼我像无主游魂觅过头路一项又一项工作干过一样又一样哀哉冇半项有望哀哉没半样有希望交过细妹一只过一只女孩交过一个又一个通概冇半只兜搭一概都难以成双经济起泡捱人生变泡经济起泡我人生幻灭离农离土真登波离农离土真波折毋当来归毋当来归不如归乡不如归乡阿姆原谅捱来归母亲原谅我要归乡捱爱舍死归到山寮下我要舍命回到山寮下重新做人重新做人捱爱舍死归到山寮下我要舍命回到山寮下重新做人重新做人成仔爱煞猛认真做喔成仔要努力认真做他人系驶个别人家如果开辆捱等是铁牛车罔拖我们就铁牛车勉强拖罔拖罔拖定着会有凑合凑合一定会有高进介日呐高进的日子就系恁呐就是这样捱骑着风神我骑着风神直别这只发廅介都市辞别这个哮喘的都市菜鸟哇目镜仔鸡屎洪仔菜鸟仔目镜仔鸡屎宏我是正坏势河洛话我真的很不好意思就系恁呐就是这样捱骑着风神我骑着风神荦确荦确呼天呼地老旧松脱呼天抢地屌伊景气麽该前途管它景气什前途啊捱不在乎我不在乎伯公伯公子弟撖汝颔头土地公土地公子弟向您点头拜託拜託路灯火全部切卑伊乌哇拜託拜託把路灯全部都关掉毋使问尔子弟做该爱归来呀不必问您的子弟为何要跑回来呀怎是会走归来呀伯公伯公子弟撖汝颔头土地公土地公子弟向您点头拜託拜託左邻右舍好睡目也呀拜託拜託左邻右舍该睡觉了啊莫奔佢等问这子弟怎会走归来呀不要让他们问为什要跑回来呀莫奔佢等按多捱膦好问呀不要让他们这多问就系恁呐就是这样捱骑着风神我骑着风神夜色起乩星仔绉筋夜色起乩星儿抽筋椰子树槟榔树电火杵椰子树槟榔树电火杵全全着惊全都受惊就系按呐就是这样捱骑着风神一二五我骑着风神接上县道一八四接上这条县道生仔摆裕牯膦阿丰牯阿丰牯生仔摆裕牯膦捱麻倒归来也哟我也回来也了哟就系恁呐就是这样伯公伯公捱麻倒归来也哟
民谣,泥娃娃泥娃娃泥娃娃眼睛不会眨嘴巴不说话她是个泥娃娃眼睛不会眨嘴巴不说话她是个泥娃娃她是个泥娃娃不是个真娃娃他没有亲爱的妈妈也没有爸爸泥娃娃泥娃娃一个泥娃娃我做她妈妈我做她爸爸永远爱着她
民谣,作词朴树作曲朴树编曲张亚东制作人张亚东也不知在黑暗中究竟沉睡了多久也不知要有多难才能睁开双眼我从远方赶来恰巧你们也在痴迷流连人间我为她而狂野我是这耀眼的瞬间是划过天边的刹那火焰我为你来看我不顾一切我将熄灭永不能再回来我在这里啊就在这里啊惊鸿一般短暂像夏花一样绚烂这是一个多美丽又遗憾的世界我们就这样抱着笑着还流着泪我从远方赶来赴你一面之约痴迷流连人间我为她而狂野我是这耀眼的瞬间是划过天边的刹那火焰我为你来看我不顾一切我将熄灭永不能再回来我在这里啊就在这里啊惊鸿一般短暂如夏花一样绚烂我是这耀眼的瞬间是划过天边的刹那火焰我为你来看我不顾一切我将熄灭永不能再回来不虚此行呀不虚此行呀惊鸿一般短暂开放在你眼前我是这耀眼的瞬间是划过天边的刹那火焰我要你来爱我不顾一切我将熄灭永不能再回来一路春光啊一路荆棘呀惊鸿一般短暂如夏花一样绚烂这是一个不能停留太久的世界
民谣,十年水流东啊十年水流西流晚几年行得不啊鬼还不知啊旧年啊番薯不比今年啊芋头呀亲像国家的经济楼价四散飞乒乒乓乓啊摆着圈乒乒乓乓啊摆着圈十年水流东啊十年水流西流晚几年行得不啊鬼还不知啊旧年啊番薯不比今年啊芋头呀亲像国家的经济楼价四散飞梅州的鲢鱼哦汕尾的鳝鱼亲像人死后眼睛就瞌下去人讲我讲梦话亲像讲的是海丰话我不知啊我不知啊啦啦啦啦今日啦全球化啊明日就自己过啦啦啦啦啦啦啦啦
民谣,作词边疆作曲金志文词边疆曲金志文演唱张晓棠出品施永晨北京博山娱乐文化传媒有限公司未经著作权人许可不得翻录翻唱或使用薄汗轻衣点缀这泼墨画山水慵整纤纤手叫洛阳纸贵可怜落花叩玉枕拂袖人还昏睡清风微寒惹一厢粉黛又愁眉对镜梳妆探听人声鼎沸多情自是多沾惹梦断不成归几分憔悴锦瑟无端声悔赢得满行泪直道君心不美日夜东流水思悠悠恨悠悠何时方始休半江信半江愁觥筹恍惚交杯劝留几小辈棋逢红颜一醉千军万马退剪不断理还乱哽咽锁清喉饮曲肝肠碎清风微寒惹一厢粉黛又愁眉对镜梳妆探听人声鼎沸多情自是多沾惹梦断不成归几分憔悴秋色连波波上寒烟翠山映斜阳天水傍芳草无情更在斜阳外夜夜好梦留人睡楼高休独倚酒入谁人愁肠化作相思泪锦瑟无端声悔赢得满行泪直道君心不美日夜东流水思悠悠恨悠悠何时方始休半江信半江愁觥筹恍惚交杯劝留几小辈棋逢红颜一醉千军万马退剪不断理还乱哽咽锁清喉饮曲肝肠碎
民谣,作词朴树作曲朴树编曲张亚东制作人张亚东突然落下的夜晚灯火已隔世般阑珊昨天已经去得很远我的窗前已模糊一片大风声像没发生太多的记忆又怎样放开我的手怕你说那些被风吹起的日子在深夜收紧我的心日子快消失了一半那些梦又怎能做完你还在拼命的追赶这条路究竟是要去哪儿大风声像没发生太多的记忆又怎样放开我的手怕你说那些被风吹起的日子在深夜收紧我的心咿呀时光真疯狂我一路执迷与匆忙依稀悲伤来不及遗忘只有待风将她埋葬咿呀咿呀待风将她埋葬咿呀咿呀待风将她埋葬咿呀咿呀我们曾在路上咿呀咿呀待风将她埋葬
民谣,作词钟永丰作曲林生祥客语发音中文白话母亲口白成仔耕田是耕毋出水成仔耕田是耕不出油水汝又冇读到有书你又没读到什么书毋当出去学一个技术不如出去学点技术人讲百番头路百番难人说百种工作百种难就算讨食也冇清闲就算乞食也不清闲成仔爱煞猛认真做喔成仔要努力认真做他人系驶个别人家如果开辆捱等是铁牛车罔拖我们就铁牛车勉强拖罔拖罔拖定着会有凑合凑合一定会有高进介日呐高进的日子送捱出庄汝讲介话送我出庄你讲过的话捱冇腆放歇半下我一刻也没忘但系阿姆这十年日呐但是母亲这十年日子捱像冇点主介鬼我像无主游魂觅过头路一项又一项工作干过一样又一样哀哉冇半项有望哀哉没半样有希望交过细妹一只过一只女孩交过一个又一个通概冇半只兜搭一概都难以成双经济起泡捱人生变泡经济起泡我人生幻灭离农离土真登波离农离土真波折毋当来归毋当来归不如归乡不如归乡阿姆原谅捱来归母亲原谅我要归乡捱爱舍死归到山寮下我要舍命回到山寮下重新做人重新做人捱爱舍死归到山寮下我要舍命回到山寮下重新做人重新做人成仔爱煞猛认真做喔成仔要努力认真做他人系驶个别人家如果开辆捱等是铁牛车罔拖我们就铁牛车勉强拖罔拖罔拖定着会有凑合凑合一定会有高进介日呐高进的日子就系恁呐就是这样捱骑着风神我骑着风神直别这只发廅介都市辞别这个哮喘的都市菜鸟哇目镜仔鸡屎洪仔菜鸟仔目镜仔鸡屎宏我是正坏势河洛话我真的很不好意思就系恁呐就是这样捱骑着风神我骑着风神荦确荦确呼天呼地老旧松脱呼天抢地屌伊景气麽该前途管它景气什前途啊捱不在乎我不在乎伯公伯公子弟撖汝颔头土地公土地公子弟向您点头拜託拜託路灯火全部切卑伊乌哇拜託拜託把路灯全部都关掉毋使问尔子弟做该爱归来呀不必问您的子弟为何要跑回来呀怎是会走归来呀伯公伯公子弟撖汝颔头土地公土地公子弟向您点头拜託拜託左邻右舍好睡目也呀拜託拜託左邻右舍该睡觉了啊莫奔佢等问这子弟怎会走归来呀不要让他们问为什要跑回来呀莫奔佢等按多捱膦好问呀不要让他们这多问就系恁呐就是这样捱骑着风神我骑着风神夜色起乩星仔绉筋夜色起乩星儿抽筋椰子树槟榔树电火杵椰子树槟榔树电火杵全全着惊全都受惊就系按呐就是这样捱骑着风神一二五我骑着风神接上县道一八四接上这条县道生仔摆裕牯膦阿丰牯阿丰牯生仔摆裕牯膦捱麻倒归来也哟我也回来也了哟就系恁呐就是这样伯公伯公捱麻倒归来也哟
民谣,泥娃娃泥娃娃泥娃娃眼睛不会眨嘴巴不说话她是个泥娃娃眼睛不会眨嘴巴不说话她是个泥娃娃她是个泥娃娃不是个真娃娃他没有亲爱的妈妈也没有爸爸泥娃娃泥娃娃一个泥娃娃我做她妈妈我做她爸爸永远爱着她
流行,作词李宗盛作曲李宗盛还记得年少时的梦吗像朵永远不凋零的花陪我经过那风吹雨打看世事无常看沧桑变化那些为爱所付出的代价是永远都难忘的啊所有真心的痴心的话永在我心中虽然已没有她走吧走吧人总要学着自己长大走吧走吧人生难免经历苦痛挣扎走吧走吧为自己的心找一个家也曾伤心流泪也曾黯然心碎这是爱的代价也许我偶尔还是会想她偶尔难免会惦记着她就当她是个老朋友吧也让我心疼也让我牵挂只是我心中不再有火花让往事都随风去吧所有真心的痴心的话仍在我心中虽然已没有她走吧走吧人总要学着自己长大走吧走吧人生难免经历苦痛挣扎走吧走吧为自己的心找一个家也曾伤心流泪也曾黯然心碎这是爱的代价走吧走吧人总要学着自己长大走吧走吧人生难免经历苦痛挣扎走吧走吧为自己的心找一个家也曾伤心流泪也曾黯然心碎这是爱的代价
流行,作词林夕作曲编曲制作人王菲梁荣骏不要以为你只要他安慰不要以为眼角眉梢只是种点缀他不是脸色明媚谁会想入非非不要以为青春一定会枯萎不要以为他的头发开不出蔷薇你只要心中有鬼他就一直甜美如果你爱他笑容和你相随胸膛把你包围他容颜都烧毁你有没有所谓如果不再管他像谁那所谓有情人的眼泪有何珍贵你只要心中有鬼他就一直甜美如果你爱他笑容和你相随胸膛把你包围他容颜都烧毁你有没有所谓如果不再管他像谁那所谓有情人的眼泪又有什么可贵如果你爱他笑容和你相随胸膛把你包围他容颜都烧毁你有没有所谓如果不再管他像谁那所谓有情人的眼泪有何珍贵眼角眉梢不是一场误会眼角眉梢不是一场误会眼角眉梢不是一场误会眼角眉梢不是一场误会眼角眉梢不是一场误会眼角眉梢不是一场误会
流行,作词李安修作曲陈耀川编曲制作人陈耀川制作助理彭学斌吉他倪方来小提琴李琪和声编写马毓芬和声马毓芬李宝琦混音师张永夫混音室白金录音室我有花一朵种在我心中含苞待放意幽幽朝朝与暮暮我切切地等候有心的人来入梦女人花摇曳在红尘中女人花随风轻轻摆动只盼望有一双温柔手能抚慰我内心的寂寞我有花一朵花香满枝头谁来真心寻芳踪花开不多时啊堪折直须折女人如花花似梦我有花一朵长在我心中真情真爱无人懂遍地的野草已占满了山坡孤芳自赏最心痛女人花摇曳在红尘中女人花随风轻轻摆动只盼望有一双温柔手能抚慰我内心的寂寞女人花摇曳在红尘中女人花随风轻轻摆动若是你闻过了花香浓别问我花儿是为谁红爱过知情重醉过知酒浓花开花谢终是空缘分不停留像春风来又走女人如花花似梦缘分不停留像春风来又走女人如花花似梦女人如花花似梦
流行,作词那英作曲编曲相见不如怀念就算你不了解我那冷漠的眼你为何视而不见对你不是不眷恋也许心情已改变被你拥抱的感觉开始像个冬天我才发现你我已活在不同的世界放了我吧放了我的一切忘了我吧忘了那激情的缠绵放了我吧就让我们活得轻松一点或许我在下着雨的夜还会愿意想起你的脸相见不如怀念就算你不了解我只能对你说声再见细雨纷飞掩饰你的眼泪在我转身以前让我擦干你的脸别再挂念那一些谎言或者是诺言永远走出我视线当你越走越远我会亲手为你画一个美丽的句点放了我吧放了我的一切忘了我吧忘了那激情的缠绵放了我吧就让我们活得轻松一点或许我在下着雨的夜还会愿意想起你的脸相见不如怀念就算你不了解我只能对你说声再见当你的体温无法温暖我如何去伪装你心中隐藏的火焰我不愿绑着你和我更不愿如幽灵穿梭所以愿为你为爱自由放了我吧放了我的一切忘了我吧忘了那激情的缠绵放了我吧就让我们活得轻松一点或许我在下着雨的夜还会愿意想起你的脸相见不如怀念就算你不了解我只能对你说声再见
流行,作词李宗盛作曲李宗盛为你我用了半年的积蓄漂洋过海的来看你为了这次相聚我连见面时的呼吸都曾反复练习言语从来没能将我的情意表达千万分之一为了这个遗憾我在夜里想了又想不肯睡去记忆它总是慢慢的累积在我心中无法抹去为了你的承诺我在最绝望的时候都忍着不哭泣陌生的城市啊熟悉的角落里也曾彼此安慰也曾相拥叹息不管将会面对什么样的结局在漫天风沙里望着你远去我竟悲伤的不能自已多盼能送君千里直到山穷水尽一生和你相依陌生的城市啊熟悉的角落里也曾彼此安慰也曾相拥叹息不管将会面对什么样的结局在漫天风沙里望着你远去我竟悲伤的不能自已多盼能送君千里直到山穷水尽一生和你相依多盼能送君千里直到山穷水尽一生和你相依
流行,作词李宗盛作曲李宗盛还记得年少时的梦吗像朵永远不凋零的花陪我经过那风吹雨打看世事无常看沧桑变化那些为爱所付出的代价是永远都难忘的啊所有真心的痴心的话永在我心中虽然已没有她走吧走吧人总要学着自己长大走吧走吧人生难免经历苦痛挣扎走吧走吧为自己的心找一个家也曾伤心流泪也曾黯然心碎这是爱的代价也许我偶尔还是会想她偶尔难免会惦记着她就当她是个老朋友吧也让我心疼也让我牵挂只是我心中不再有火花让往事都随风去吧所有真心的痴心的话仍在我心中虽然已没有她走吧走吧人总要学着自己长大走吧走吧人生难免经历苦痛挣扎走吧走吧为自己的心找一个家也曾伤心流泪也曾黯然心碎这是爱的代价走吧走吧人总要学着自己长大走吧走吧人生难免经历苦痛挣扎走吧走吧为自己的心找一个家也曾伤心流泪也曾黯然心碎这是爱的代价
流行,作词林夕作曲编曲制作人王菲梁荣骏不要以为你只要他安慰不要以为眼角眉梢只是种点缀他不是脸色明媚谁会想入非非不要以为青春一定会枯萎不要以为他的头发开不出蔷薇你只要心中有鬼他就一直甜美如果你爱他笑容和你相随胸膛把你包围他容颜都烧毁你有没有所谓如果不再管他像谁那所谓有情人的眼泪有何珍贵你只要心中有鬼他就一直甜美如果你爱他笑容和你相随胸膛把你包围他容颜都烧毁你有没有所谓如果不再管他像谁那所谓有情人的眼泪又有什么可贵如果你爱他笑容和你相随胸膛把你包围他容颜都烧毁你有没有所谓如果不再管他像谁那所谓有情人的眼泪有何珍贵眼角眉梢不是一场误会眼角眉梢不是一场误会眼角眉梢不是一场误会眼角眉梢不是一场误会眼角眉梢不是一场误会眼角眉梢不是一场误会
流行,作词李安修作曲陈耀川编曲制作人陈耀川制作助理彭学斌吉他倪方来小提琴李琪和声编写马毓芬和声马毓芬李宝琦混音师张永夫混音室白金录音室我有花一朵种在我心中含苞待放意幽幽朝朝与暮暮我切切地等候有心的人来入梦女人花摇曳在红尘中女人花随风轻轻摆动只盼望有一双温柔手能抚慰我内心的寂寞我有花一朵花香满枝头谁来真心寻芳踪花开不多时啊堪折直须折女人如花花似梦我有花一朵长在我心中真情真爱无人懂遍地的野草已占满了山坡孤芳自赏最心痛女人花摇曳在红尘中女人花随风轻轻摆动只盼望有一双温柔手能抚慰我内心的寂寞女人花摇曳在红尘中女人花随风轻轻摆动若是你闻过了花香浓别问我花儿是为谁红爱过知情重醉过知酒浓花开花谢终是空缘分不停留像春风来又走女人如花花似梦缘分不停留像春风来又走女人如花花似梦女人如花花似梦
流行,作词那英作曲编曲相见不如怀念就算你不了解我那冷漠的眼你为何视而不见对你不是不眷恋也许心情已改变被你拥抱的感觉开始像个冬天我才发现你我已活在不同的世界放了我吧放了我的一切忘了我吧忘了那激情的缠绵放了我吧就让我们活得轻松一点或许我在下着雨的夜还会愿意想起你的脸相见不如怀念就算你不了解我只能对你说声再见细雨纷飞掩饰你的眼泪在我转身以前让我擦干你的脸别再挂念那一些谎言或者是诺言永远走出我视线当你越走越远我会亲手为你画一个美丽的句点放了我吧放了我的一切忘了我吧忘了那激情的缠绵放了我吧就让我们活得轻松一点或许我在下着雨的夜还会愿意想起你的脸相见不如怀念就算你不了解我只能对你说声再见当你的体温无法温暖我如何去伪装你心中隐藏的火焰我不愿绑着你和我更不愿如幽灵穿梭所以愿为你为爱自由放了我吧放了我的一切忘了我吧忘了那激情的缠绵放了我吧就让我们活得轻松一点或许我在下着雨的夜还会愿意想起你的脸相见不如怀念就算你不了解我只能对你说声再见
流行,作词李宗盛作曲李宗盛为你我用了半年的积蓄漂洋过海的来看你为了这次相聚我连见面时的呼吸都曾反复练习言语从来没能将我的情意表达千万分之一为了这个遗憾我在夜里想了又想不肯睡去记忆它总是慢慢的累积在我心中无法抹去为了你的承诺我在最绝望的时候都忍着不哭泣陌生的城市啊熟悉的角落里也曾彼此安慰也曾相拥叹息不管将会面对什么样的结局在漫天风沙里望着你远去我竟悲伤的不能自已多盼能送君千里直到山穷水尽一生和你相依陌生的城市啊熟悉的角落里也曾彼此安慰也曾相拥叹息不管将会面对什么样的结局在漫天风沙里望着你远去我竟悲伤的不能自已多盼能送君千里直到山穷水尽一生和你相依多盼能送君千里直到山穷水尽一生和你相依
流行,作词李宗盛作曲李宗盛还记得年少时的梦吗像朵永远不凋零的花陪我经过那风吹雨打看世事无常看沧桑变化那些为爱所付出的代价是永远都难忘的啊所有真心的痴心的话永在我心中虽然已没有她走吧走吧人总要学着自己长大走吧走吧人生难免经历苦痛挣扎走吧走吧为自己的心找一个家也曾伤心流泪也曾黯然心碎这是爱的代价也许我偶尔还是会想她偶尔难免会惦记着她就当她是个老朋友吧也让我心疼也让我牵挂只是我心中不再有火花让往事都随风去吧所有真心的痴心的话仍在我心中虽然已没有她走吧走吧人总要学着自己长大走吧走吧人生难免经历苦痛挣扎走吧走吧为自己的心找一个家也曾伤心流泪也曾黯然心碎这是爱的代价走吧走吧人总要学着自己长大走吧走吧人生难免经历苦痛挣扎走吧走吧为自己的心找一个家也曾伤心流泪也曾黯然心碎这是爱的代价
流行,作词林夕作曲编曲制作人王菲梁荣骏不要以为你只要他安慰不要以为眼角眉梢只是种点缀他不是脸色明媚谁会想入非非不要以为青春一定会枯萎不要以为他的头发开不出蔷薇你只要心中有鬼他就一直甜美如果你爱他笑容和你相随胸膛把你包围他容颜都烧毁你有没有所谓如果不再管他像谁那所谓有情人的眼泪有何珍贵你只要心中有鬼他就一直甜美如果你爱他笑容和你相随胸膛把你包围他容颜都烧毁你有没有所谓如果不再管他像谁那所谓有情人的眼泪又有什么可贵如果你爱他笑容和你相随胸膛把你包围他容颜都烧毁你有没有所谓如果不再管他像谁那所谓有情人的眼泪有何珍贵眼角眉梢不是一场误会眼角眉梢不是一场误会眼角眉梢不是一场误会眼角眉梢不是一场误会眼角眉梢不是一场误会眼角眉梢不是一场误会
流行,作词李安修作曲陈耀川编曲制作人陈耀川制作助理彭学斌吉他倪方来小提琴李琪和声编写马毓芬和声马毓芬李宝琦混音师张永夫混音室白金录音室我有花一朵种在我心中含苞待放意幽幽朝朝与暮暮我切切地等候有心的人来入梦女人花摇曳在红尘中女人花随风轻轻摆动只盼望有一双温柔手能抚慰我内心的寂寞我有花一朵花香满枝头谁来真心寻芳踪花开不多时啊堪折直须折女人如花花似梦我有花一朵长在我心中真情真爱无人懂遍地的野草已占满了山坡孤芳自赏最心痛女人花摇曳在红尘中女人花随风轻轻摆动只盼望有一双温柔手能抚慰我内心的寂寞女人花摇曳在红尘中女人花随风轻轻摆动若是你闻过了花香浓别问我花儿是为谁红爱过知情重醉过知酒浓花开花谢终是空缘分不停留像春风来又走女人如花花似梦缘分不停留像春风来又走女人如花花似梦女人如花花似梦
流行,作词那英作曲编曲相见不如怀念就算你不了解我那冷漠的眼你为何视而不见对你不是不眷恋也许心情已改变被你拥抱的感觉开始像个冬天我才发现你我已活在不同的世界放了我吧放了我的一切忘了我吧忘了那激情的缠绵放了我吧就让我们活得轻松一点或许我在下着雨的夜还会愿意想起你的脸相见不如怀念就算你不了解我只能对你说声再见细雨纷飞掩饰你的眼泪在我转身以前让我擦干你的脸别再挂念那一些谎言或者是诺言永远走出我视线当你越走越远我会亲手为你画一个美丽的句点放了我吧放了我的一切忘了我吧忘了那激情的缠绵放了我吧就让我们活得轻松一点或许我在下着雨的夜还会愿意想起你的脸相见不如怀念就算你不了解我只能对你说声再见当你的体温无法温暖我如何去伪装你心中隐藏的火焰我不愿绑着你和我更不愿如幽灵穿梭所以愿为你为爱自由放了我吧放了我的一切忘了我吧忘了那激情的缠绵放了我吧就让我们活得轻松一点或许我在下着雨的夜还会愿意想起你的脸相见不如怀念就算你不了解我只能对你说声再见
流行,作词李宗盛作曲李宗盛为你我用了半年的积蓄漂洋过海的来看你为了这次相聚我连见面时的呼吸都曾反复练习言语从来没能将我的情意表达千万分之一为了这个遗憾我在夜里想了又想不肯睡去记忆它总是慢慢的累积在我心中无法抹去为了你的承诺我在最绝望的时候都忍着不哭泣陌生的城市啊熟悉的角落里也曾彼此安慰也曾相拥叹息不管将会面对什么样的结局在漫天风沙里望着你远去我竟悲伤的不能自已多盼能送君千里直到山穷水尽一生和你相依陌生的城市啊熟悉的角落里也曾彼此安慰也曾相拥叹息不管将会面对什么样的结局在漫天风沙里望着你远去我竟悲伤的不能自已多盼能送君千里直到山穷水尽一生和你相依多盼能送君千里直到山穷水尽一生和你相依
流行,作词李宗盛作曲李宗盛还记得年少时的梦吗像朵永远不凋零的花陪我经过那风吹雨打看世事无常看沧桑变化那些为爱所付出的代价是永远都难忘的啊所有真心的痴心的话永在我心中虽然已没有她走吧走吧人总要学着自己长大走吧走吧人生难免经历苦痛挣扎走吧走吧为自己的心找一个家也曾伤心流泪也曾黯然心碎这是爱的代价也许我偶尔还是会想她偶尔难免会惦记着她就当她是个老朋友吧也让我心疼也让我牵挂只是我心中不再有火花让往事都随风去吧所有真心的痴心的话仍在我心中虽然已没有她走吧走吧人总要学着自己长大走吧走吧人生难免经历苦痛挣扎走吧走吧为自己的心找一个家也曾伤心流泪也曾黯然心碎这是爱的代价走吧走吧人总要学着自己长大走吧走吧人生难免经历苦痛挣扎走吧走吧为自己的心找一个家也曾伤心流泪也曾黯然心碎这是爱的代价
流行,作词林夕作曲编曲制作人王菲梁荣骏不要以为你只要他安慰不要以为眼角眉梢只是种点缀他不是脸色明媚谁会想入非非不要以为青春一定会枯萎不要以为他的头发开不出蔷薇你只要心中有鬼他就一直甜美如果你爱他笑容和你相随胸膛把你包围他容颜都烧毁你有没有所谓如果不再管他像谁那所谓有情人的眼泪有何珍贵你只要心中有鬼他就一直甜美如果你爱他笑容和你相随胸膛把你包围他容颜都烧毁你有没有所谓如果不再管他像谁那所谓有情人的眼泪又有什么可贵如果你爱他笑容和你相随胸膛把你包围他容颜都烧毁你有没有所谓如果不再管他像谁那所谓有情人的眼泪有何珍贵眼角眉梢不是一场误会眼角眉梢不是一场误会眼角眉梢不是一场误会眼角眉梢不是一场误会眼角眉梢不是一场误会眼角眉梢不是一场误会
流行,作词李安修作曲陈耀川编曲制作人陈耀川制作助理彭学斌吉他倪方来小提琴李琪和声编写马毓芬和声马毓芬李宝琦混音师张永夫混音室白金录音室我有花一朵种在我心中含苞待放意幽幽朝朝与暮暮我切切地等候有心的人来入梦女人花摇曳在红尘中女人花随风轻轻摆动只盼望有一双温柔手能抚慰我内心的寂寞我有花一朵花香满枝头谁来真心寻芳踪花开不多时啊堪折直须折女人如花花似梦我有花一朵长在我心中真情真爱无人懂遍地的野草已占满了山坡孤芳自赏最心痛女人花摇曳在红尘中女人花随风轻轻摆动只盼望有一双温柔手能抚慰我内心的寂寞女人花摇曳在红尘中女人花随风轻轻摆动若是你闻过了花香浓别问我花儿是为谁红爱过知情重醉过知酒浓花开花谢终是空缘分不停留像春风来又走女人如花花似梦缘分不停留像春风来又走女人如花花似梦女人如花花似梦
流行,作词那英作曲编曲相见不如怀念就算你不了解我那冷漠的眼你为何视而不见对你不是不眷恋也许心情已改变被你拥抱的感觉开始像个冬天我才发现你我已活在不同的世界放了我吧放了我的一切忘了我吧忘了那激情的缠绵放了我吧就让我们活得轻松一点或许我在下着雨的夜还会愿意想起你的脸相见不如怀念就算你不了解我只能对你说声再见细雨纷飞掩饰你的眼泪在我转身以前让我擦干你的脸别再挂念那一些谎言或者是诺言永远走出我视线当你越走越远我会亲手为你画一个美丽的句点放了我吧放了我的一切忘了我吧忘了那激情的缠绵放了我吧就让我们活得轻松一点或许我在下着雨的夜还会愿意想起你的脸相见不如怀念就算你不了解我只能对你说声再见当你的体温无法温暖我如何去伪装你心中隐藏的火焰我不愿绑着你和我更不愿如幽灵穿梭所以愿为你为爱自由放了我吧放了我的一切忘了我吧忘了那激情的缠绵放了我吧就让我们活得轻松一点或许我在下着雨的夜还会愿意想起你的脸相见不如怀念就算你不了解我只能对你说声再见
流行,作词李宗盛作曲李宗盛为你我用了半年的积蓄漂洋过海的来看你为了这次相聚我连见面时的呼吸都曾反复练习言语从来没能将我的情意表达千万分之一为了这个遗憾我在夜里想了又想不肯睡去记忆它总是慢慢的累积在我心中无法抹去为了你的承诺我在最绝望的时候都忍着不哭泣陌生的城市啊熟悉的角落里也曾彼此安慰也曾相拥叹息不管将会面对什么样的结局在漫天风沙里望着你远去我竟悲伤的不能自已多盼能送君千里直到山穷水尽一生和你相依陌生的城市啊熟悉的角落里也曾彼此安慰也曾相拥叹息不管将会面对什么样的结局在漫天风沙里望着你远去我竟悲伤的不能自已多盼能送君千里直到山穷水尽一生和你相依多盼能送君千里直到山穷水尽一生和你相依
流行,作词李宗盛作曲李宗盛还记得年少时的梦吗像朵永远不凋零的花陪我经过那风吹雨打看世事无常看沧桑变化那些为爱所付出的代价是永远都难忘的啊所有真心的痴心的话永在我心中虽然已没有她走吧走吧人总要学着自己长大走吧走吧人生难免经历苦痛挣扎走吧走吧为自己的心找一个家也曾伤心流泪也曾黯然心碎这是爱的代价也许我偶尔还是会想她偶尔难免会惦记着她就当她是个老朋友吧也让我心疼也让我牵挂只是我心中不再有火花让往事都随风去吧所有真心的痴心的话仍在我心中虽然已没有她走吧走吧人总要学着自己长大走吧走吧人生难免经历苦痛挣扎走吧走吧为自己的心找一个家也曾伤心流泪也曾黯然心碎这是爱的代价走吧走吧人总要学着自己长大走吧走吧人生难免经历苦痛挣扎走吧走吧为自己的心找一个家也曾伤心流泪也曾黯然心碎这是爱的代价
流行,作词林夕作曲编曲制作人王菲梁荣骏不要以为你只要他安慰不要以为眼角眉梢只是种点缀他不是脸色明媚谁会想入非非不要以为青春一定会枯萎不要以为他的头发开不出蔷薇你只要心中有鬼他就一直甜美如果你爱他笑容和你相随胸膛把你包围他容颜都烧毁你有没有所谓如果不再管他像谁那所谓有情人的眼泪有何珍贵你只要心中有鬼他就一直甜美如果你爱他笑容和你相随胸膛把你包围他容颜都烧毁你有没有所谓如果不再管他像谁那所谓有情人的眼泪又有什么可贵如果你爱他笑容和你相随胸膛把你包围他容颜都烧毁你有没有所谓如果不再管他像谁那所谓有情人的眼泪有何珍贵眼角眉梢不是一场误会眼角眉梢不是一场误会眼角眉梢不是一场误会眼角眉梢不是一场误会眼角眉梢不是一场误会眼角眉梢不是一场误会
流行,作词李安修作曲陈耀川编曲制作人陈耀川制作助理彭学斌吉他倪方来小提琴李琪和声编写马毓芬和声马毓芬李宝琦混音师张永夫混音室白金录音室我有花一朵种在我心中含苞待放意幽幽朝朝与暮暮我切切地等候有心的人来入梦女人花摇曳在红尘中女人花随风轻轻摆动只盼望有一双温柔手能抚慰我内心的寂寞我有花一朵花香满枝头谁来真心寻芳踪花开不多时啊堪折直须折女人如花花似梦我有花一朵长在我心中真情真爱无人懂遍地的野草已占满了山坡孤芳自赏最心痛女人花摇曳在红尘中女人花随风轻轻摆动只盼望有一双温柔手能抚慰我内心的寂寞女人花摇曳在红尘中女人花随风轻轻摆动若是你闻过了花香浓别问我花儿是为谁红爱过知情重醉过知酒浓花开花谢终是空缘分不停留像春风来又走女人如花花似梦缘分不停留像春风来又走女人如花花似梦女人如花花似梦
流行,作词那英作曲编曲相见不如怀念就算你不了解我那冷漠的眼你为何视而不见对你不是不眷恋也许心情已改变被你拥抱的感觉开始像个冬天我才发现你我已活在不同的世界放了我吧放了我的一切忘了我吧忘了那激情的缠绵放了我吧就让我们活得轻松一点或许我在下着雨的夜还会愿意想起你的脸相见不如怀念就算你不了解我只能对你说声再见细雨纷飞掩饰你的眼泪在我转身以前让我擦干你的脸别再挂念那一些谎言或者是诺言永远走出我视线当你越走越远我会亲手为你画一个美丽的句点放了我吧放了我的一切忘了我吧忘了那激情的缠绵放了我吧就让我们活得轻松一点或许我在下着雨的夜还会愿意想起你的脸相见不如怀念就算你不了解我只能对你说声再见当你的体温无法温暖我如何去伪装你心中隐藏的火焰我不愿绑着你和我更不愿如幽灵穿梭所以愿为你为爱自由放了我吧放了我的一切忘了我吧忘了那激情的缠绵放了我吧就让我们活得轻松一点或许我在下着雨的夜还会愿意想起你的脸相见不如怀念就算你不了解我只能对你说声再见
流行,作词李宗盛作曲李宗盛为你我用了半年的积蓄漂洋过海的来看你为了这次相聚我连见面时的呼吸都曾反复练习言语从来没能将我的情意表达千万分之一为了这个遗憾我在夜里想了又想不肯睡去记忆它总是慢慢的累积在我心中无法抹去为了你的承诺我在最绝望的时候都忍着不哭泣陌生的城市啊熟悉的角落里也曾彼此安慰也曾相拥叹息不管将会面对什么样的结局在漫天风沙里望着你远去我竟悲伤的不能自已多盼能送君千里直到山穷水尽一生和你相依陌生的城市啊熟悉的角落里也曾彼此安慰也曾相拥叹息不管将会面对什么样的结局在漫天风沙里望着你远去我竟悲伤的不能自已多盼能送君千里直到山穷水尽一生和你相依多盼能送君千里直到山穷水尽一生和你相依
流行,作词李宗盛作曲李宗盛还记得年少时的梦吗像朵永远不凋零的花陪我经过那风吹雨打看世事无常看沧桑变化那些为爱所付出的代价是永远都难忘的啊所有真心的痴心的话永在我心中虽然已没有她走吧走吧人总要学着自己长大走吧走吧人生难免经历苦痛挣扎走吧走吧为自己的心找一个家也曾伤心流泪也曾黯然心碎这是爱的代价也许我偶尔还是会想她偶尔难免会惦记着她就当她是个老朋友吧也让我心疼也让我牵挂只是我心中不再有火花让往事都随风去吧所有真心的痴心的话仍在我心中虽然已没有她走吧走吧人总要学着自己长大走吧走吧人生难免经历苦痛挣扎走吧走吧为自己的心找一个家也曾伤心流泪也曾黯然心碎这是爱的代价走吧走吧人总要学着自己长大走吧走吧人生难免经历苦痛挣扎走吧走吧为自己的心找一个家也曾伤心流泪也曾黯然心碎这是爱的代价
流行,作词林夕作曲编曲制作人王菲梁荣骏不要以为你只要他安慰不要以为眼角眉梢只是种点缀他不是脸色明媚谁会想入非非不要以为青春一定会枯萎不要以为他的头发开不出蔷薇你只要心中有鬼他就一直甜美如果你爱他笑容和你相随胸膛把你包围他容颜都烧毁你有没有所谓如果不再管他像谁那所谓有情人的眼泪有何珍贵你只要心中有鬼他就一直甜美如果你爱他笑容和你相随胸膛把你包围他容颜都烧毁你有没有所谓如果不再管他像谁那所谓有情人的眼泪又有什么可贵如果你爱他笑容和你相随胸膛把你包围他容颜都烧毁你有没有所谓如果不再管他像谁那所谓有情人的眼泪有何珍贵眼角眉梢不是一场误会眼角眉梢不是一场误会眼角眉梢不是一场误会眼角眉梢不是一场误会眼角眉梢不是一场误会眼角眉梢不是一场误会
流行,作词李安修作曲陈耀川编曲制作人陈耀川制作助理彭学斌吉他倪方来小提琴李琪和声编写马毓芬和声马毓芬李宝琦混音师张永夫混音室白金录音室我有花一朵种在我心中含苞待放意幽幽朝朝与暮暮我切切地等候有心的人来入梦女人花摇曳在红尘中女人花随风轻轻摆动只盼望有一双温柔手能抚慰我内心的寂寞我有花一朵花香满枝头谁来真心寻芳踪花开不多时啊堪折直须折女人如花花似梦我有花一朵长在我心中真情真爱无人懂遍地的野草已占满了山坡孤芳自赏最心痛女人花摇曳在红尘中女人花随风轻轻摆动只盼望有一双温柔手能抚慰我内心的寂寞女人花摇曳在红尘中女人花随风轻轻摆动若是你闻过了花香浓别问我花儿是为谁红爱过知情重醉过知酒浓花开花谢终是空缘分不停留像春风来又走女人如花花似梦缘分不停留像春风来又走女人如花花似梦女人如花花似梦
流行,作词那英作曲编曲相见不如怀念就算你不了解我那冷漠的眼你为何视而不见对你不是不眷恋也许心情已改变被你拥抱的感觉开始像个冬天我才发现你我已活在不同的世界放了我吧放了我的一切忘了我吧忘了那激情的缠绵放了我吧就让我们活得轻松一点或许我在下着雨的夜还会愿意想起你的脸相见不如怀念就算你不了解我只能对你说声再见细雨纷飞掩饰你的眼泪在我转身以前让我擦干你的脸别再挂念那一些谎言或者是诺言永远走出我视线当你越走越远我会亲手为你画一个美丽的句点放了我吧放了我的一切忘了我吧忘了那激情的缠绵放了我吧就让我们活得轻松一点或许我在下着雨的夜还会愿意想起你的脸相见不如怀念就算你不了解我只能对你说声再见当你的体温无法温暖我如何去伪装你心中隐藏的火焰我不愿绑着你和我更不愿如幽灵穿梭所以愿为你为爱自由放了我吧放了我的一切忘了我吧忘了那激情的缠绵放了我吧就让我们活得轻松一点或许我在下着雨的夜还会愿意想起你的脸相见不如怀念就算你不了解我只能对你说声再见
流行,作词李宗盛作曲李宗盛为你我用了半年的积蓄漂洋过海的来看你为了这次相聚我连见面时的呼吸都曾反复练习言语从来没能将我的情意表达千万分之一为了这个遗憾我在夜里想了又想不肯睡去记忆它总是慢慢的累积在我心中无法抹去为了你的承诺我在最绝望的时候都忍着不哭泣陌生的城市啊熟悉的角落里也曾彼此安慰也曾相拥叹息不管将会面对什么样的结局在漫天风沙里望着你远去我竟悲伤的不能自已多盼能送君千里直到山穷水尽一生和你相依陌生的城市啊熟悉的角落里也曾彼此安慰也曾相拥叹息不管将会面对什么样的结局在漫天风沙里望着你远去我竟悲伤的不能自已多盼能送君千里直到山穷水尽一生和你相依多盼能送君千里直到山穷水尽一生和你相依
说唱,作词作曲编曲细制作人细姜皓天录音工程姜皓天音频编辑姜皓天阿烈混音母带周天澈宣传统筹张兆婧经纪统筹尹俊钦团队协力王烁音乐营销张馨艺钱娇总策划张馨艺出品人监制亚侬陆瑒银河方舟不知道算是谁的错两个人变得话不多气氛尴尬但不戳破就得过且过当发现互相都在躲伤人的话都不想说气氛尴尬但不戳破都得过且过你不找我我不找你都不主动像陌生人但这关系又不普通你有人陪我有人陪都不寂寞太久没联系连号码你都记错互相在躲都装很忙心里的看法宁愿去跟别人讲电话不接但没吵架打完包的双人床各自不讲话你答应寻找突破在夜里陪我哭过答应陪我一起出没事后却全无收获我不想让这游戏限制你连我朋友都要问我是不是在骗自己接起讲不完的话聊到电话不舍得挂这个气氛超尴尬明明知道你跟我都放不下谁被谁偷走了心在各自的流浪都找不出原因不知道算是谁的错两个人变得话不多气氛尴尬但不戳破就得过且过当发现互相都在躲伤人的话都不想说气氛尴尬但不戳破都得过且过他带你逛过街看过戏给你买礼物在太古里你撒过娇发脾气埋怨他不够在乎你在那一天摔烂手机负面的情绪在你不再相信他说的话甚至怀疑他没爱过信息删了写删了写最后也没有传送他的电话号码太熟悉但你没有拨通原本两个人的剧本现在你变成观众在夜里流过的泪水是你在自我感动最近你阴晴不定他的话你听不进情绪被牵着走才发现自己病不轻当有人提到他的名字你会条件反射一个人的房间里在床上你辗转反侧回过头拥抱过后陷入重复的拉扯你正被推着走都上了锁不甘示弱想不通搞不懂这算是谁的错不知道算是谁的错两个人变得话不多气氛尴尬但不戳破就得过且过当发现互相都在躲伤人的话都不想说气氛尴尬但不戳破都得过且过
说唱,作词梁心颐作曲张杰编曲李咏恩下雨天了怎么办我好想你不敢打给你我找不到原因为什么失眠的声音变得好熟悉沉默的场景做你的代替陪我等雨停期待让人越来越沉溺谁和我一样等不到他的谁爱上你我总在学会寂寞的滋味一个人撑伞一个人擦泪一个人好累怎样的雨怎样的夜怎样的我能让你更想念雨要多大天要多黑才能够有你的体贴其实没有我你分不清那些差别结局还能多明显别说你会难过别说你想改变被爱的人不用道歉期待让人越来越疲惫谁和我一样等不到他的谁爱上你我总在学会寂寞的滋味一个人撑伞一个人擦泪一个人好累怎样的雨怎样的夜怎样的我能让你更想念雨要多大天要多黑才能够有你的体贴其实没有我你分不清那些差别结局还能多明显别说你会难过别说你想改变被爱的人不用道歉怎样的雨怎样的夜怎样的我能让你更想念雨要多大天要多黑才能够有你的体贴其实没有我你分不清那些差别结局还能多明显别说你会难过别说你想改变被爱的人不用道歉钢琴李咏恩电吉他陈逸宏黄正安弦乐编写卢思蒨录音工作室荒原录音室人声编辑混音母带制作统筹刘子衡制作公司恒星制造所监制闫卡夫联合监制叶震声出品周家磊闫卡夫经纪公司纳吉音发行公司纳吉音本歌曲来自云上工作室亿现金激励千亿流量扶持业务联系
说唱,作词有三作曲有三编曲姜皓天制作人姜皓天吉他伍凌枫音频编辑姜皓天混音母带周天澈宣传企划张馨艺周子叶经纪统筹尹俊钦出品人银河方舟有三拥抱每个春夏秋冬自由自在的梦人潮汹涌我穿过时空找到了你搭配享受尖叫和原谅我还不满足我的野心还在变大原谅我一整晚都呆在拨不通电话最后一杆推进别他们永远在我背后我们能走出这黑昼现在我写下的像霓虹在城市中闪耀当我摘下耳机的时候他们还在睡懒觉这是我们的只要音乐还没停我是生活中的伴奏上当我们开口的时候装睡的人才会醒有三踏过高山越过大海他们总是说你每次冒险都是孤身一人跳进火里挣脱一切的枷锁就算被伤过还好我没放弃现在还在火拼远处的光向我招手这一路还要走多久从泥泞挣脱以后才发现从前有多黑现在就有多美有三踏过高山越过大海快把手举高一起干杯白天跟我的兄弟晚上喝个烂醉这个城市容易迷失立场你得自己捍卫要爱就爱要恨就恨个干脆顶着大太阳我不说话因为他在讲琳瑯满目什么都想要就像走进一个大卖场他们不努力怨天尤人我怎么能共情从到到我搬进市中心我也像妮达一样有时假装坚强有时骗自己的理由太过牵强任雨打风吹把倔强挂在脸上我跟我的兄弟把这座城市点亮有三踏过高山越过大海
说唱,作词作曲
说唱,作词作曲编曲制作人出品网易飓风网易子弹音乐统筹郭凯翌企划向羽镜千李雅芃高之寒营销推广网易飓风总策划郭凯翌文案设计镜千向羽企划视觉徐将依叶紫企划监制徐思灵镜千出品人谢奇笛如风陈佳胜浪漫消亡史音乐企划我把钞票全部都放枕边我想问一个人在街上晃整天混进人群就像万丈深渊一切刚开始像春天我在打火机旁边放根烟刺耳的话就像针尖它们总是围绕在我身边我的随身听听不清声音我要拼命跑才能感觉温馨总是一根筋经常会分心谎言太多没法露出真心我的依旧没有分清因为你们让我学会珍惜为了保持自尊心如果没有灵感那就我会警惕半夜的门铃带上家伙为了保证能赢我不害怕孤独成群我的孤独不在山顶而在人群面对危险保持冷静有时候状态很不稳定我不需要他们的肯定不要靠近我因为这是我的本性我需要安全感关键点在于我不在于你但安全感一转眼马上会消失殆尽危险边缘仍然保持冷静我在危险边缘还是保持冷静我需要安全感关键点在于我不在于你但安全感一转眼马上会消失殆尽危险边缘仍然保持冷静我在危险边缘还是保持冷静飞一趟我想要搬去住好多的都对我说我不是关系户我是个潜力股从来不在乎他们的态度有多少满意度所以我独自拉开了黑色车门看一眼后视镜确认确实没人整理下衣服拍下灰尘彻底的融入了黑夜转动车轮应该去哪如果是你你会去哪带上枕头藏好的现金我不留一点给我点安全感我亲爱的我需要安全感关键点在于我不在于你但安全感一转眼马上会消失殆尽在危险关系总是保持冷静我在危险边缘依然保持冷静我需要安全感关键点在于我不在于你但安全感一转眼马上会消失殆尽在危险关系总是保持冷静我在危险边缘依然保持冷静混音谭玉堂母带谭玉堂音频编辑谭玉堂录音棚监制陈佳胜
说唱,作词作曲编曲细制作人细姜皓天录音工程姜皓天音频编辑姜皓天阿烈混音母带周天澈宣传统筹张兆婧经纪统筹尹俊钦团队协力王烁音乐营销张馨艺钱娇总策划张馨艺出品人监制亚侬陆瑒银河方舟不知道算是谁的错两个人变得话不多气氛尴尬但不戳破就得过且过当发现互相都在躲伤人的话都不想说气氛尴尬但不戳破都得过且过你不找我我不找你都不主动像陌生人但这关系又不普通你有人陪我有人陪都不寂寞太久没联系连号码你都记错互相在躲都装很忙心里的看法宁愿去跟别人讲电话不接但没吵架打完包的双人床各自不讲话你答应寻找突破在夜里陪我哭过答应陪我一起出没事后却全无收获我不想让这游戏限制你连我朋友都要问我是不是在骗自己接起讲不完的话聊到电话不舍得挂这个气氛超尴尬明明知道你跟我都放不下谁被谁偷走了心在各自的流浪都找不出原因不知道算是谁的错两个人变得话不多气氛尴尬但不戳破就得过且过当发现互相都在躲伤人的话都不想说气氛尴尬但不戳破都得过且过他带你逛过街看过戏给你买礼物在太古里你撒过娇发脾气埋怨他不够在乎你在那一天摔烂手机负面的情绪在你不再相信他说的话甚至怀疑他没爱过信息删了写删了写最后也没有传送他的电话号码太熟悉但你没有拨通原本两个人的剧本现在你变成观众在夜里流过的泪水是你在自我感动最近你阴晴不定他的话你听不进情绪被牵着走才发现自己病不轻当有人提到他的名字你会条件反射一个人的房间里在床上你辗转反侧回过头拥抱过后陷入重复的拉扯你正被推着走都上了锁不甘示弱想不通搞不懂这算是谁的错不知道算是谁的错两个人变得话不多气氛尴尬但不戳破就得过且过当发现互相都在躲伤人的话都不想说气氛尴尬但不戳破都得过且过
说唱,作词梁心颐作曲张杰编曲李咏恩下雨天了怎么办我好想你不敢打给你我找不到原因为什么失眠的声音变得好熟悉沉默的场景做你的代替陪我等雨停期待让人越来越沉溺谁和我一样等不到他的谁爱上你我总在学会寂寞的滋味一个人撑伞一个人擦泪一个人好累怎样的雨怎样的夜怎样的我能让你更想念雨要多大天要多黑才能够有你的体贴其实没有我你分不清那些差别结局还能多明显别说你会难过别说你想改变被爱的人不用道歉期待让人越来越疲惫谁和我一样等不到他的谁爱上你我总在学会寂寞的滋味一个人撑伞一个人擦泪一个人好累怎样的雨怎样的夜怎样的我能让你更想念雨要多大天要多黑才能够有你的体贴其实没有我你分不清那些差别结局还能多明显别说你会难过别说你想改变被爱的人不用道歉怎样的雨怎样的夜怎样的我能让你更想念雨要多大天要多黑才能够有你的体贴其实没有我你分不清那些差别结局还能多明显别说你会难过别说你想改变被爱的人不用道歉钢琴李咏恩电吉他陈逸宏黄正安弦乐编写卢思蒨录音工作室荒原录音室人声编辑混音母带制作统筹刘子衡制作公司恒星制造所监制闫卡夫联合监制叶震声出品周家磊闫卡夫经纪公司纳吉音发行公司纳吉音本歌曲来自云上工作室亿现金激励千亿流量扶持业务联系
说唱,作词有三作曲有三编曲姜皓天制作人姜皓天吉他伍凌枫音频编辑姜皓天混音母带周天澈宣传企划张馨艺周子叶经纪统筹尹俊钦出品人银河方舟有三拥抱每个春夏秋冬自由自在的梦人潮汹涌我穿过时空找到了你搭配享受尖叫和原谅我还不满足我的野心还在变大原谅我一整晚都呆在拨不通电话最后一杆推进别他们永远在我背后我们能走出这黑昼现在我写下的像霓虹在城市中闪耀当我摘下耳机的时候他们还在睡懒觉这是我们的只要音乐还没停我是生活中的伴奏上当我们开口的时候装睡的人才会醒有三踏过高山越过大海他们总是说你每次冒险都是孤身一人跳进火里挣脱一切的枷锁就算被伤过还好我没放弃现在还在火拼远处的光向我招手这一路还要走多久从泥泞挣脱以后才发现从前有多黑现在就有多美有三踏过高山越过大海快把手举高一起干杯白天跟我的兄弟晚上喝个烂醉这个城市容易迷失立场你得自己捍卫要爱就爱要恨就恨个干脆顶着大太阳我不说话因为他在讲琳瑯满目什么都想要就像走进一个大卖场他们不努力怨天尤人我怎么能共情从到到我搬进市中心我也像妮达一样有时假装坚强有时骗自己的理由太过牵强任雨打风吹把倔强挂在脸上我跟我的兄弟把这座城市点亮有三踏过高山越过大海
说唱,作词作曲
说唱,作词作曲编曲制作人出品网易飓风网易子弹音乐统筹郭凯翌企划向羽镜千李雅芃高之寒营销推广网易飓风总策划郭凯翌文案设计镜千向羽企划视觉徐将依叶紫企划监制徐思灵镜千出品人谢奇笛如风陈佳胜浪漫消亡史音乐企划我把钞票全部都放枕边我想问一个人在街上晃整天混进人群就像万丈深渊一切刚开始像春天我在打火机旁边放根烟刺耳的话就像针尖它们总是围绕在我身边我的随身听听不清声音我要拼命跑才能感觉温馨总是一根筋经常会分心谎言太多没法露出真心我的依旧没有分清因为你们让我学会珍惜为了保持自尊心如果没有灵感那就我会警惕半夜的门铃带上家伙为了保证能赢我不害怕孤独成群我的孤独不在山顶而在人群面对危险保持冷静有时候状态很不稳定我不需要他们的肯定不要靠近我因为这是我的本性我需要安全感关键点在于我不在于你但安全感一转眼马上会消失殆尽危险边缘仍然保持冷静我在危险边缘还是保持冷静我需要安全感关键点在于我不在于你但安全感一转眼马上会消失殆尽危险边缘仍然保持冷静我在危险边缘还是保持冷静飞一趟我想要搬去住好多的都对我说我不是关系户我是个潜力股从来不在乎他们的态度有多少满意度所以我独自拉开了黑色车门看一眼后视镜确认确实没人整理下衣服拍下灰尘彻底的融入了黑夜转动车轮应该去哪如果是你你会去哪带上枕头藏好的现金我不留一点给我点安全感我亲爱的我需要安全感关键点在于我不在于你但安全感一转眼马上会消失殆尽在危险关系总是保持冷静我在危险边缘依然保持冷静我需要安全感关键点在于我不在于你但安全感一转眼马上会消失殆尽在危险关系总是保持冷静我在危险边缘依然保持冷静混音谭玉堂母带谭玉堂音频编辑谭玉堂录音棚监制陈佳胜
说唱,作词作曲编曲细制作人细姜皓天录音工程姜皓天音频编辑姜皓天阿烈混音母带周天澈宣传统筹张兆婧经纪统筹尹俊钦团队协力王烁音乐营销张馨艺钱娇总策划张馨艺出品人监制亚侬陆瑒银河方舟不知道算是谁的错两个人变得话不多气氛尴尬但不戳破就得过且过当发现互相都在躲伤人的话都不想说气氛尴尬但不戳破都得过且过你不找我我不找你都不主动像陌生人但这关系又不普通你有人陪我有人陪都不寂寞太久没联系连号码你都记错互相在躲都装很忙心里的看法宁愿去跟别人讲电话不接但没吵架打完包的双人床各自不讲话你答应寻找突破在夜里陪我哭过答应陪我一起出没事后却全无收获我不想让这游戏限制你连我朋友都要问我是不是在骗自己接起讲不完的话聊到电话不舍得挂这个气氛超尴尬明明知道你跟我都放不下谁被谁偷走了心在各自的流浪都找不出原因不知道算是谁的错两个人变得话不多气氛尴尬但不戳破就得过且过当发现互相都在躲伤人的话都不想说气氛尴尬但不戳破都得过且过他带你逛过街看过戏给你买礼物在太古里你撒过娇发脾气埋怨他不够在乎你在那一天摔烂手机负面的情绪在你不再相信他说的话甚至怀疑他没爱过信息删了写删了写最后也没有传送他的电话号码太熟悉但你没有拨通原本两个人的剧本现在你变成观众在夜里流过的泪水是你在自我感动最近你阴晴不定他的话你听不进情绪被牵着走才发现自己病不轻当有人提到他的名字你会条件反射一个人的房间里在床上你辗转反侧回过头拥抱过后陷入重复的拉扯你正被推着走都上了锁不甘示弱想不通搞不懂这算是谁的错不知道算是谁的错两个人变得话不多气氛尴尬但不戳破就得过且过当发现互相都在躲伤人的话都不想说气氛尴尬但不戳破都得过且过
说唱,作词梁心颐作曲张杰编曲李咏恩下雨天了怎么办我好想你不敢打给你我找不到原因为什么失眠的声音变得好熟悉沉默的场景做你的代替陪我等雨停期待让人越来越沉溺谁和我一样等不到他的谁爱上你我总在学会寂寞的滋味一个人撑伞一个人擦泪一个人好累怎样的雨怎样的夜怎样的我能让你更想念雨要多大天要多黑才能够有你的体贴其实没有我你分不清那些差别结局还能多明显别说你会难过别说你想改变被爱的人不用道歉期待让人越来越疲惫谁和我一样等不到他的谁爱上你我总在学会寂寞的滋味一个人撑伞一个人擦泪一个人好累怎样的雨怎样的夜怎样的我能让你更想念雨要多大天要多黑才能够有你的体贴其实没有我你分不清那些差别结局还能多明显别说你会难过别说你想改变被爱的人不用道歉怎样的雨怎样的夜怎样的我能让你更想念雨要多大天要多黑才能够有你的体贴其实没有我你分不清那些差别结局还能多明显别说你会难过别说你想改变被爱的人不用道歉钢琴李咏恩电吉他陈逸宏黄正安弦乐编写卢思蒨录音工作室荒原录音室人声编辑混音母带制作统筹刘子衡制作公司恒星制造所监制闫卡夫联合监制叶震声出品周家磊闫卡夫经纪公司纳吉音发行公司纳吉音本歌曲来自云上工作室亿现金激励千亿流量扶持业务联系
说唱,作词有三作曲有三编曲姜皓天制作人姜皓天吉他伍凌枫音频编辑姜皓天混音母带周天澈宣传企划张馨艺周子叶经纪统筹尹俊钦出品人银河方舟有三拥抱每个春夏秋冬自由自在的梦人潮汹涌我穿过时空找到了你搭配享受尖叫和原谅我还不满足我的野心还在变大原谅我一整晚都呆在拨不通电话最后一杆推进别他们永远在我背后我们能走出这黑昼现在我写下的像霓虹在城市中闪耀当我摘下耳机的时候他们还在睡懒觉这是我们的只要音乐还没停我是生活中的伴奏上当我们开口的时候装睡的人才会醒有三踏过高山越过大海他们总是说你每次冒险都是孤身一人跳进火里挣脱一切的枷锁就算被伤过还好我没放弃现在还在火拼远处的光向我招手这一路还要走多久从泥泞挣脱以后才发现从前有多黑现在就有多美有三踏过高山越过大海快把手举高一起干杯白天跟我的兄弟晚上喝个烂醉这个城市容易迷失立场你得自己捍卫要爱就爱要恨就恨个干脆顶着大太阳我不说话因为他在讲琳瑯满目什么都想要就像走进一个大卖场他们不努力怨天尤人我怎么能共情从到到我搬进市中心我也像妮达一样有时假装坚强有时骗自己的理由太过牵强任雨打风吹把倔强挂在脸上我跟我的兄弟把这座城市点亮有三踏过高山越过大海
说唱,作词作曲
说唱,作词作曲编曲制作人出品网易飓风网易子弹音乐统筹郭凯翌企划向羽镜千李雅芃高之寒营销推广网易飓风总策划郭凯翌文案设计镜千向羽企划视觉徐将依叶紫企划监制徐思灵镜千出品人谢奇笛如风陈佳胜浪漫消亡史音乐企划我把钞票全部都放枕边我想问一个人在街上晃整天混进人群就像万丈深渊一切刚开始像春天我在打火机旁边放根烟刺耳的话就像针尖它们总是围绕在我身边我的随身听听不清声音我要拼命跑才能感觉温馨总是一根筋经常会分心谎言太多没法露出真心我的依旧没有分清因为你们让我学会珍惜为了保持自尊心如果没有灵感那就我会警惕半夜的门铃带上家伙为了保证能赢我不害怕孤独成群我的孤独不在山顶而在人群面对危险保持冷静有时候状态很不稳定我不需要他们的肯定不要靠近我因为这是我的本性我需要安全感关键点在于我不在于你但安全感一转眼马上会消失殆尽危险边缘仍然保持冷静我在危险边缘还是保持冷静我需要安全感关键点在于我不在于你但安全感一转眼马上会消失殆尽危险边缘仍然保持冷静我在危险边缘还是保持冷静飞一趟我想要搬去住好多的都对我说我不是关系户我是个潜力股从来不在乎他们的态度有多少满意度所以我独自拉开了黑色车门看一眼后视镜确认确实没人整理下衣服拍下灰尘彻底的融入了黑夜转动车轮应该去哪如果是你你会去哪带上枕头藏好的现金我不留一点给我点安全感我亲爱的我需要安全感关键点在于我不在于你但安全感一转眼马上会消失殆尽在危险关系总是保持冷静我在危险边缘依然保持冷静我需要安全感关键点在于我不在于你但安全感一转眼马上会消失殆尽在危险关系总是保持冷静我在危险边缘依然保持冷静混音谭玉堂母带谭玉堂音频编辑谭玉堂录音棚监制陈佳胜
说唱,作词作曲编曲细制作人细姜皓天录音工程姜皓天音频编辑姜皓天阿烈混音母带周天澈宣传统筹张兆婧经纪统筹尹俊钦团队协力王烁音乐营销张馨艺钱娇总策划张馨艺出品人监制亚侬陆瑒银河方舟不知道算是谁的错两个人变得话不多气氛尴尬但不戳破就得过且过当发现互相都在躲伤人的话都不想说气氛尴尬但不戳破都得过且过你不找我我不找你都不主动像陌生人但这关系又不普通你有人陪我有人陪都不寂寞太久没联系连号码你都记错互相在躲都装很忙心里的看法宁愿去跟别人讲电话不接但没吵架打完包的双人床各自不讲话你答应寻找突破在夜里陪我哭过答应陪我一起出没事后却全无收获我不想让这游戏限制你连我朋友都要问我是不是在骗自己接起讲不完的话聊到电话不舍得挂这个气氛超尴尬明明知道你跟我都放不下谁被谁偷走了心在各自的流浪都找不出原因不知道算是谁的错两个人变得话不多气氛尴尬但不戳破就得过且过当发现互相都在躲伤人的话都不想说气氛尴尬但不戳破都得过且过他带你逛过街看过戏给你买礼物在太古里你撒过娇发脾气埋怨他不够在乎你在那一天摔烂手机负面的情绪在你不再相信他说的话甚至怀疑他没爱过信息删了写删了写最后也没有传送他的电话号码太熟悉但你没有拨通原本两个人的剧本现在你变成观众在夜里流过的泪水是你在自我感动最近你阴晴不定他的话你听不进情绪被牵着走才发现自己病不轻当有人提到他的名字你会条件反射一个人的房间里在床上你辗转反侧回过头拥抱过后陷入重复的拉扯你正被推着走都上了锁不甘示弱想不通搞不懂这算是谁的错不知道算是谁的错两个人变得话不多气氛尴尬但不戳破就得过且过当发现互相都在躲伤人的话都不想说气氛尴尬但不戳破都得过且过
说唱,作词梁心颐作曲张杰编曲李咏恩下雨天了怎么办我好想你不敢打给你我找不到原因为什么失眠的声音变得好熟悉沉默的场景做你的代替陪我等雨停期待让人越来越沉溺谁和我一样等不到他的谁爱上你我总在学会寂寞的滋味一个人撑伞一个人擦泪一个人好累怎样的雨怎样的夜怎样的我能让你更想念雨要多大天要多黑才能够有你的体贴其实没有我你分不清那些差别结局还能多明显别说你会难过别说你想改变被爱的人不用道歉期待让人越来越疲惫谁和我一样等不到他的谁爱上你我总在学会寂寞的滋味一个人撑伞一个人擦泪一个人好累怎样的雨怎样的夜怎样的我能让你更想念雨要多大天要多黑才能够有你的体贴其实没有我你分不清那些差别结局还能多明显别说你会难过别说你想改变被爱的人不用道歉怎样的雨怎样的夜怎样的我能让你更想念雨要多大天要多黑才能够有你的体贴其实没有我你分不清那些差别结局还能多明显别说你会难过别说你想改变被爱的人不用道歉钢琴李咏恩电吉他陈逸宏黄正安弦乐编写卢思蒨录音工作室荒原录音室人声编辑混音母带制作统筹刘子衡制作公司恒星制造所监制闫卡夫联合监制叶震声出品周家磊闫卡夫经纪公司纳吉音发行公司纳吉音本歌曲来自云上工作室亿现金激励千亿流量扶持业务联系
说唱,作词有三作曲有三编曲姜皓天制作人姜皓天吉他伍凌枫音频编辑姜皓天混音母带周天澈宣传企划张馨艺周子叶经纪统筹尹俊钦出品人银河方舟有三拥抱每个春夏秋冬自由自在的梦人潮汹涌我穿过时空找到了你搭配享受尖叫和原谅我还不满足我的野心还在变大原谅我一整晚都呆在拨不通电话最后一杆推进别他们永远在我背后我们能走出这黑昼现在我写下的像霓虹在城市中闪耀当我摘下耳机的时候他们还在睡懒觉这是我们的只要音乐还没停我是生活中的伴奏上当我们开口的时候装睡的人才会醒有三踏过高山越过大海他们总是说你每次冒险都是孤身一人跳进火里挣脱一切的枷锁就算被伤过还好我没放弃现在还在火拼远处的光向我招手这一路还要走多久从泥泞挣脱以后才发现从前有多黑现在就有多美有三踏过高山越过大海快把手举高一起干杯白天跟我的兄弟晚上喝个烂醉这个城市容易迷失立场你得自己捍卫要爱就爱要恨就恨个干脆顶着大太阳我不说话因为他在讲琳瑯满目什么都想要就像走进一个大卖场他们不努力怨天尤人我怎么能共情从到到我搬进市中心我也像妮达一样有时假装坚强有时骗自己的理由太过牵强任雨打风吹把倔强挂在脸上我跟我的兄弟把这座城市点亮有三踏过高山越过大海
说唱,作词作曲
说唱,作词作曲编曲制作人出品网易飓风网易子弹音乐统筹郭凯翌企划向羽镜千李雅芃高之寒营销推广网易飓风总策划郭凯翌文案设计镜千向羽企划视觉徐将依叶紫企划监制徐思灵镜千出品人谢奇笛如风陈佳胜浪漫消亡史音乐企划我把钞票全部都放枕边我想问一个人在街上晃整天混进人群就像万丈深渊一切刚开始像春天我在打火机旁边放根烟刺耳的话就像针尖它们总是围绕在我身边我的随身听听不清声音我要拼命跑才能感觉温馨总是一根筋经常会分心谎言太多没法露出真心我的依旧没有分清因为你们让我学会珍惜为了保持自尊心如果没有灵感那就我会警惕半夜的门铃带上家伙为了保证能赢我不害怕孤独成群我的孤独不在山顶而在人群面对危险保持冷静有时候状态很不稳定我不需要他们的肯定不要靠近我因为这是我的本性我需要安全感关键点在于我不在于你但安全感一转眼马上会消失殆尽危险边缘仍然保持冷静我在危险边缘还是保持冷静我需要安全感关键点在于我不在于你但安全感一转眼马上会消失殆尽危险边缘仍然保持冷静我在危险边缘还是保持冷静飞一趟我想要搬去住好多的都对我说我不是关系户我是个潜力股从来不在乎他们的态度有多少满意度所以我独自拉开了黑色车门看一眼后视镜确认确实没人整理下衣服拍下灰尘彻底的融入了黑夜转动车轮应该去哪如果是你你会去哪带上枕头藏好的现金我不留一点给我点安全感我亲爱的我需要安全感关键点在于我不在于你但安全感一转眼马上会消失殆尽在危险关系总是保持冷静我在危险边缘依然保持冷静我需要安全感关键点在于我不在于你但安全感一转眼马上会消失殆尽在危险关系总是保持冷静我在危险边缘依然保持冷静混音谭玉堂母带谭玉堂音频编辑谭玉堂录音棚监制陈佳胜
说唱,作词作曲编曲细制作人细姜皓天录音工程姜皓天音频编辑姜皓天阿烈混音母带周天澈宣传统筹张兆婧经纪统筹尹俊钦团队协力王烁音乐营销张馨艺钱娇总策划张馨艺出品人监制亚侬陆瑒银河方舟不知道算是谁的错两个人变得话不多气氛尴尬但不戳破就得过且过当发现互相都在躲伤人的话都不想说气氛尴尬但不戳破都得过且过你不找我我不找你都不主动像陌生人但这关系又不普通你有人陪我有人陪都不寂寞太久没联系连号码你都记错互相在躲都装很忙心里的看法宁愿去跟别人讲电话不接但没吵架打完包的双人床各自不讲话你答应寻找突破在夜里陪我哭过答应陪我一起出没事后却全无收获我不想让这游戏限制你连我朋友都要问我是不是在骗自己接起讲不完的话聊到电话不舍得挂这个气氛超尴尬明明知道你跟我都放不下谁被谁偷走了心在各自的流浪都找不出原因不知道算是谁的错两个人变得话不多气氛尴尬但不戳破就得过且过当发现互相都在躲伤人的话都不想说气氛尴尬但不戳破都得过且过他带你逛过街看过戏给你买礼物在太古里你撒过娇发脾气埋怨他不够在乎你在那一天摔烂手机负面的情绪在你不再相信他说的话甚至怀疑他没爱过信息删了写删了写最后也没有传送他的电话号码太熟悉但你没有拨通原本两个人的剧本现在你变成观众在夜里流过的泪水是你在自我感动最近你阴晴不定他的话你听不进情绪被牵着走才发现自己病不轻当有人提到他的名字你会条件反射一个人的房间里在床上你辗转反侧回过头拥抱过后陷入重复的拉扯你正被推着走都上了锁不甘示弱想不通搞不懂这算是谁的错不知道算是谁的错两个人变得话不多气氛尴尬但不戳破就得过且过当发现互相都在躲伤人的话都不想说气氛尴尬但不戳破都得过且过
说唱,作词梁心颐作曲张杰编曲李咏恩下雨天了怎么办我好想你不敢打给你我找不到原因为什么失眠的声音变得好熟悉沉默的场景做你的代替陪我等雨停期待让人越来越沉溺谁和我一样等不到他的谁爱上你我总在学会寂寞的滋味一个人撑伞一个人擦泪一个人好累怎样的雨怎样的夜怎样的我能让你更想念雨要多大天要多黑才能够有你的体贴其实没有我你分不清那些差别结局还能多明显别说你会难过别说你想改变被爱的人不用道歉期待让人越来越疲惫谁和我一样等不到他的谁爱上你我总在学会寂寞的滋味一个人撑伞一个人擦泪一个人好累怎样的雨怎样的夜怎样的我能让你更想念雨要多大天要多黑才能够有你的体贴其实没有我你分不清那些差别结局还能多明显别说你会难过别说你想改变被爱的人不用道歉怎样的雨怎样的夜怎样的我能让你更想念雨要多大天要多黑才能够有你的体贴其实没有我你分不清那些差别结局还能多明显别说你会难过别说你想改变被爱的人不用道歉钢琴李咏恩电吉他陈逸宏黄正安弦乐编写卢思蒨录音工作室荒原录音室人声编辑混音母带制作统筹刘子衡制作公司恒星制造所监制闫卡夫联合监制叶震声出品周家磊闫卡夫经纪公司纳吉音发行公司纳吉音本歌曲来自云上工作室亿现金激励千亿流量扶持业务联系
说唱,作词有三作曲有三编曲姜皓天制作人姜皓天吉他伍凌枫音频编辑姜皓天混音母带周天澈宣传企划张馨艺周子叶经纪统筹尹俊钦出品人银河方舟有三拥抱每个春夏秋冬自由自在的梦人潮汹涌我穿过时空找到了你搭配享受尖叫和原谅我还不满足我的野心还在变大原谅我一整晚都呆在拨不通电话最后一杆推进别他们永远在我背后我们能走出这黑昼现在我写下的像霓虹在城市中闪耀当我摘下耳机的时候他们还在睡懒觉这是我们的只要音乐还没停我是生活中的伴奏上当我们开口的时候装睡的人才会醒有三踏过高山越过大海他们总是说你每次冒险都是孤身一人跳进火里挣脱一切的枷锁就算被伤过还好我没放弃现在还在火拼远处的光向我招手这一路还要走多久从泥泞挣脱以后才发现从前有多黑现在就有多美有三踏过高山越过大海快把手举高一起干杯白天跟我的兄弟晚上喝个烂醉这个城市容易迷失立场你得自己捍卫要爱就爱要恨就恨个干脆顶着大太阳我不说话因为他在讲琳瑯满目什么都想要就像走进一个大卖场他们不努力怨天尤人我怎么能共情从到到我搬进市中心我也像妮达一样有时假装坚强有时骗自己的理由太过牵强任雨打风吹把倔强挂在脸上我跟我的兄弟把这座城市点亮有三踏过高山越过大海
说唱,作词作曲
说唱,作词作曲编曲制作人出品网易飓风网易子弹音乐统筹郭凯翌企划向羽镜千李雅芃高之寒营销推广网易飓风总策划郭凯翌文案设计镜千向羽企划视觉徐将依叶紫企划监制徐思灵镜千出品人谢奇笛如风陈佳胜浪漫消亡史音乐企划我把钞票全部都放枕边我想问一个人在街上晃整天混进人群就像万丈深渊一切刚开始像春天我在打火机旁边放根烟刺耳的话就像针尖它们总是围绕在我身边我的随身听听不清声音我要拼命跑才能感觉温馨总是一根筋经常会分心谎言太多没法露出真心我的依旧没有分清因为你们让我学会珍惜为了保持自尊心如果没有灵感那就我会警惕半夜的门铃带上家伙为了保证能赢我不害怕孤独成群我的孤独不在山顶而在人群面对危险保持冷静有时候状态很不稳定我不需要他们的肯定不要靠近我因为这是我的本性我需要安全感关键点在于我不在于你但安全感一转眼马上会消失殆尽危险边缘仍然保持冷静我在危险边缘还是保持冷静我需要安全感关键点在于我不在于你但安全感一转眼马上会消失殆尽危险边缘仍然保持冷静我在危险边缘还是保持冷静飞一趟我想要搬去住好多的都对我说我不是关系户我是个潜力股从来不在乎他们的态度有多少满意度所以我独自拉开了黑色车门看一眼后视镜确认确实没人整理下衣服拍下灰尘彻底的融入了黑夜转动车轮应该去哪如果是你你会去哪带上枕头藏好的现金我不留一点给我点安全感我亲爱的我需要安全感关键点在于我不在于你但安全感一转眼马上会消失殆尽在危险关系总是保持冷静我在危险边缘依然保持冷静我需要安全感关键点在于我不在于你但安全感一转眼马上会消失殆尽在危险关系总是保持冷静我在危险边缘依然保持冷静混音谭玉堂母带谭玉堂音频编辑谭玉堂录音棚监制陈佳胜
说唱,作词作曲编曲细制作人细姜皓天录音工程姜皓天音频编辑姜皓天阿烈混音母带周天澈宣传统筹张兆婧经纪统筹尹俊钦团队协力王烁音乐营销张馨艺钱娇总策划张馨艺出品人监制亚侬陆瑒银河方舟不知道算是谁的错两个人变得话不多气氛尴尬但不戳破就得过且过当发现互相都在躲伤人的话都不想说气氛尴尬但不戳破都得过且过你不找我我不找你都不主动像陌生人但这关系又不普通你有人陪我有人陪都不寂寞太久没联系连号码你都记错互相在躲都装很忙心里的看法宁愿去跟别人讲电话不接但没吵架打完包的双人床各自不讲话你答应寻找突破在夜里陪我哭过答应陪我一起出没事后却全无收获我不想让这游戏限制你连我朋友都要问我是不是在骗自己接起讲不完的话聊到电话不舍得挂这个气氛超尴尬明明知道你跟我都放不下谁被谁偷走了心在各自的流浪都找不出原因不知道算是谁的错两个人变得话不多气氛尴尬但不戳破就得过且过当发现互相都在躲伤人的话都不想说气氛尴尬但不戳破都得过且过他带你逛过街看过戏给你买礼物在太古里你撒过娇发脾气埋怨他不够在乎你在那一天摔烂手机负面的情绪在你不再相信他说的话甚至怀疑他没爱过信息删了写删了写最后也没有传送他的电话号码太熟悉但你没有拨通原本两个人的剧本现在你变成观众在夜里流过的泪水是你在自我感动最近你阴晴不定他的话你听不进情绪被牵着走才发现自己病不轻当有人提到他的名字你会条件反射一个人的房间里在床上你辗转反侧回过头拥抱过后陷入重复的拉扯你正被推着走都上了锁不甘示弱想不通搞不懂这算是谁的错不知道算是谁的错两个人变得话不多气氛尴尬但不戳破就得过且过当发现互相都在躲伤人的话都不想说气氛尴尬但不戳破都得过且过
说唱,作词梁心颐作曲张杰编曲李咏恩下雨天了怎么办我好想你不敢打给你我找不到原因为什么失眠的声音变得好熟悉沉默的场景做你的代替陪我等雨停期待让人越来越沉溺谁和我一样等不到他的谁爱上你我总在学会寂寞的滋味一个人撑伞一个人擦泪一个人好累怎样的雨怎样的夜怎样的我能让你更想念雨要多大天要多黑才能够有你的体贴其实没有我你分不清那些差别结局还能多明显别说你会难过别说你想改变被爱的人不用道歉期待让人越来越疲惫谁和我一样等不到他的谁爱上你我总在学会寂寞的滋味一个人撑伞一个人擦泪一个人好累怎样的雨怎样的夜怎样的我能让你更想念雨要多大天要多黑才能够有你的体贴其实没有我你分不清那些差别结局还能多明显别说你会难过别说你想改变被爱的人不用道歉怎样的雨怎样的夜怎样的我能让你更想念雨要多大天要多黑才能够有你的体贴其实没有我你分不清那些差别结局还能多明显别说你会难过别说你想改变被爱的人不用道歉钢琴李咏恩电吉他陈逸宏黄正安弦乐编写卢思蒨录音工作室荒原录音室人声编辑混音母带制作统筹刘子衡制作公司恒星制造所监制闫卡夫联合监制叶震声出品周家磊闫卡夫经纪公司纳吉音发行公司纳吉音本歌曲来自云上工作室亿现金激励千亿流量扶持业务联系
说唱,作词有三作曲有三编曲姜皓天制作人姜皓天吉他伍凌枫音频编辑姜皓天混音母带周天澈宣传企划张馨艺周子叶经纪统筹尹俊钦出品人银河方舟有三拥抱每个春夏秋冬自由自在的梦人潮汹涌我穿过时空找到了你搭配享受尖叫和原谅我还不满足我的野心还在变大原谅我一整晚都呆在拨不通电话最后一杆推进别他们永远在我背后我们能走出这黑昼现在我写下的像霓虹在城市中闪耀当我摘下耳机的时候他们还在睡懒觉这是我们的只要音乐还没停我是生活中的伴奏上当我们开口的时候装睡的人才会醒有三踏过高山越过大海他们总是说你每次冒险都是孤身一人跳进火里挣脱一切的枷锁就算被伤过还好我没放弃现在还在火拼远处的光向我招手这一路还要走多久从泥泞挣脱以后才发现从前有多黑现在就有多美有三踏过高山越过大海快把手举高一起干杯白天跟我的兄弟晚上喝个烂醉这个城市容易迷失立场你得自己捍卫要爱就爱要恨就恨个干脆顶着大太阳我不说话因为他在讲琳瑯满目什么都想要就像走进一个大卖场他们不努力怨天尤人我怎么能共情从到到我搬进市中心我也像妮达一样有时假装坚强有时骗自己的理由太过牵强任雨打风吹把倔强挂在脸上我跟我的兄弟把这座城市点亮有三踏过高山越过大海
说唱,作词作曲
